,Gene,0,1,2,3,4,5,6,7,8,9
11,GCA_004371195.1_ASM437119v1_genomic_CDS_0387,0,0,1,0,0,0,1,1,1,0
89,GCF_001748265.1_ASM174826v1_genomic_CDS_2756,1,0,0,0,0,0,0,0,0,0
108,GCF_000806415.1_ASM80641v1_genomic_CDS_1058,0,0,1,0,0,0,1,0,0,1
109,GCF_001538055.1_ASM153805v1_genomic_CDS_3018,0,0,0,0,0,0,0,0,0,0
132,GCA_002476945.1_ASM247694v1_genomic_CDS_1059,0,0,0,0,0,0,0,0,0,0
208,GCF_000939975.1_PRJEB5504_assembly_1_genomic_CDS_2761,0,1,1,0,1,1,1,1,1,1
232,GCF_001412045.1_ASM141204v1_genomic_CDS_0072,0,0,0,1,0,0,0,0,0,0
241,GCA_002418345.1_ASM241834v1_genomic_CDS_1216,0,0,0,0,0,0,0,0,0,0
262,GCF_001669755.1_ASM166975v1_genomic_CDS_2701,1,1,1,1,1,1,1,1,1,1
268,GCA_000496325.1_MDRPA05_genomic_CDS_4509,1,0,0,0,1,1,0,1,0,0
309,GCA_903871155.1_freshwater_MAG_---_LinL2_bin-0564_genomic_CDS_1908,0,0,1,0,0,0,1,1,1,0
335,GCA_018398405.1_ASM1839840v1_genomic_CDS_3072,0,1,1,1,0,0,0,0,1,0
397,GCA_010694505.1_ASM1069450v1_genomic_CDS_3420,1,1,0,0,1,1,0,0,0,0
399,GCA_001312145.1_ASM131214v1_genomic_CDS_5805,1,0,0,0,1,1,0,1,0,0
417,GCA_002376525.1_ASM237652v1_genomic_CDS_0382,0,0,0,0,0,0,0,0,0,0
418,GCA_002376525.1_ASM237652v1_genomic_CDS_0640,1,1,1,1,1,1,1,1,1,1
425,GCA_000497835.1_L18_assembly_1.0_genomic_CDS_3097,1,1,1,1,1,1,1,0,1,1
438,GCA_002419685.1_ASM241968v1_genomic_CDS_2447,1,1,1,1,1,1,1,1,1,1
444,GCA_003514645.1_ASM351464v1_genomic_CDS_3044,1,0,1,0,1,0,1,1,1,1
453,GCA_000467675.1_PseVRFPA03_genomic_CDS_5830,1,1,1,1,1,1,1,1,1,1
458,GCF_000152545.1_ASM15254v1_genomic_CDS_4681,0,0,0,0,0,0,0,0,0,0
476,GCF_001885685.1_ASM188568v1_genomic_CDS_3335,1,1,1,1,1,1,1,1,1,1
505,GCA_000292775.1_PPS11_1.0_genomic_CDS_2802,0,1,0,0,0,1,0,1,0,0
524,GCA_900596015.1_p4.G6_genomic_CDS_0693,0,1,0,1,0,1,0,1,0,0
555,GCA_000285355.1_ASM28535v1_genomic_CDS_1764,0,1,1,1,1,1,1,1,1,1
558,GCA_000285355.1_ASM28535v1_genomic_CDS_3076,1,1,1,1,1,1,1,1,1,1
665,GCA_003514645.1_ASM351464v1_genomic_CDS_1351,1,0,0,0,0,0,0,0,0,1
706,GCA_002208585.1_ASM220858v1_genomic_CDS_3751,0,0,0,0,0,0,0,0,0,0
710,GCA_910577485.1_MGBC103398_genomic_CDS_1689,1,1,1,1,1,0,1,0,1,1
712,GCA_003412775.1_ASM341277v1_genomic_CDS_2749,1,0,0,1,1,1,0,0,0,0
793,GCF_001451945.1_WH-SGI-V-07618_genomic_CDS_5864,1,1,1,1,1,1,1,1,1,1
809,GCA_000467005.1_ASM46700v1_genomic_CDS_6285,0,1,0,0,0,1,0,0,0,0
818,GCA_000733635.1_ASM73363v1_genomic_CDS_5767,1,1,1,1,1,1,1,1,1,1
819,GCA_000733635.1_ASM73363v1_genomic_CDS_7945,1,1,1,1,1,1,1,1,1,1
843,GCA_018398405.1_ASM1839840v1_genomic_CDS_4436,0,0,0,0,0,0,0,0,0,0
902,GCA_003527625.1_ASM352762v1_genomic_CDS_1695,1,1,1,1,1,1,0,1,1,1
909,GCF_002037565.1_ASM203756v1_genomic_CDS_0763,0,0,0,0,0,0,0,0,0,0
938,GCA_003514645.1_ASM351464v1_genomic_CDS_2106,0,0,0,0,0,0,0,0,0,0
942,GCF_000794505.1_AZPAE14688_genomic_CDS_4132,0,1,1,1,0,1,1,1,1,1
951,GCA_010499235.1_ASM1049923v1_genomic_CDS_3617,1,0,1,1,1,0,1,1,1,1
1014,GCF_000280575.1_ASM28057v1_genomic_CDS_4508,1,1,1,1,1,0,1,1,1,0
1039,GCA_001605875.1_ASM160587v1_genomic_CDS_6931,0,1,1,0,0,0,1,0,1,1
1060,GCA_002419855.1_ASM241985v1_genomic_CDS_0447,1,0,1,1,1,1,1,1,1,1
1091,GCA_000335395.3_ASM33539v3_genomic_CDS_3322,0,0,0,0,0,0,0,0,0,0
1094,GCF_001512295.1_ASM151229v1_genomic_CDS_3140,0,1,1,1,1,1,1,1,1,0
1097,GCA_000412735.1_pagenome_genomic_CDS_0420,1,1,0,0,0,0,0,0,0,0
1134,GCF_001708425.1_ASM170842v1_genomic_CDS_0920,1,1,1,1,1,1,1,1,1,1
1153,GCF_001945445.1_ASM194544v1_genomic_CDS_1927,1,1,1,1,1,0,1,1,1,1
1186,GCA_900766265.1_SRS372576_1_genomic_CDS_2831,1,1,1,1,1,1,1,1,1,1
1195,GCF_000190455.2_ASM19045v3_genomic_CDS_4284,1,1,0,1,0,1,0,1,0,0
1199,GCF_000412695.1_ASM41269v1_genomic_CDS_0872,0,1,1,1,1,0,1,1,1,1
1217,GCF_000287395.1_Pmen01_genomic_CDS_2009,0,0,0,0,0,0,0,0,0,0
1231,GCF_001901355.1_ASM190135v1_genomic_CDS_1566,1,0,0,0,1,0,0,0,0,1
1234,GCA_001830395.1_ASM183039v1_genomic_CDS_1584,0,0,0,0,0,0,0,0,0,0
1254,GCF_000796545.1_AZPAE12135_genomic_CDS_4641,0,0,0,0,0,0,0,0,0,0
1262,GCA_015234375.1_ASM1523437v1_genomic_CDS_0975,1,1,1,1,1,1,1,1,1,1
1291,GCA_900478745.1_32018_A01_genomic_CDS_5257,0,1,0,0,0,1,0,0,0,0
1380,GCF_000257605.1_ASM25760v1_genomic_CDS_5502,0,0,0,0,0,0,0,0,0,0
1412,GCA_001312165.1_ASM131216v1_genomic_CDS_3796,1,0,0,0,0,1,0,1,1,0
1458,GCA_002296325.1_ASM229632v1_genomic_CDS_2342,1,1,0,1,0,1,0,0,1,1
1461,GCA_002296325.1_ASM229632v1_genomic_CDS_2793,0,0,0,0,0,0,0,0,0,0
1497,GCA_000467025.1_ASM46702v1_genomic_CDS_3034,1,1,0,1,1,0,0,0,0,0
1514,GCA_001874665.1_ASM187466v1_genomic_CDS_0584,1,1,1,1,0,0,1,0,1,0
1568,GCF_001643215.1_ASM164321v1_genomic_CDS_0413,1,1,1,1,1,0,1,1,1,1
1589,GCF_000282415.1_GM60.fsa_genomic_CDS_0263,1,1,1,1,1,0,1,1,1,1
1596,GCF_002269625.1_ASM226962v1_genomic_CDS_2348,0,0,0,0,0,1,0,1,1,1
1629,GCA_000467045.1_ASM46704v1_genomic_CDS_3273,1,1,1,1,0,1,1,1,1,1
1664,GCF_000317185.3_M1_v2.0_genomic_CDS_5948,1,1,1,0,1,1,1,1,1,1
1694,GCF_000795365.1_AZPAE14827_genomic_CDS_2690,0,1,0,1,0,0,0,0,0,0
1715,GCA_002342705.1_ASM234270v1_genomic_CDS_1128,1,1,1,1,1,1,1,1,1,1
1747,GCA_017577825.1_D03-12_genomic_CDS_0238,0,0,0,0,0,1,0,0,0,0
1756,GCA_018326365.1_ASM1832636v1_genomic_CDS_1132,1,1,1,1,1,1,1,1,1,1
1780,GCF_002091655.1_ASM209165v1_genomic_CDS_3699,0,0,1,0,0,0,0,1,1,0
1793,GCF_001885685.1_ASM188568v1_genomic_CDS_0459,0,1,1,0,0,1,1,1,1,1
1796,GCF_002001305.1_ASM200130v1_genomic_CDS_1469,0,0,0,0,0,0,0,0,0,0
1814,GCF_001765465.1_ASM176546v1_genomic_CDS_2914,1,1,0,1,0,1,0,0,0,1
1818,GCA_012518175.1_ASM1251817v1_genomic_CDS_0578,0,1,1,1,1,0,1,1,1,0
1820,GCA_002483005.1_ASM248300v1_genomic_CDS_1632,1,1,1,1,1,0,1,1,1,0
1844,GCA_002434265.1_ASM243426v1_genomic_CDS_3965,0,1,1,0,0,0,0,0,0,0
1864,GCA_013374645.1_ASM1337464v1_genomic_CDS_4221,0,0,0,0,1,0,0,0,0,0
1902,GCA_000467005.1_ASM46700v1_genomic_CDS_3777,0,0,0,0,0,0,0,0,1,0
1912,GCF_000797145.1_AZPAE12414_genomic_CDS_5992,0,0,0,0,0,0,0,0,0,0
1934,GCA_002321055.1_ASM232105v1_genomic_CDS_2678,0,0,0,0,0,0,0,1,0,1
1944,GCA_019056435.1_ASM1905643v1_genomic_CDS_2967,0,1,1,1,0,0,0,1,1,0
2086,GCA_002840035.1_ASM284003v1_genomic_CDS_2287,1,1,0,1,0,1,0,0,0,0
2087,GCA_002840035.1_ASM284003v1_genomic_CDS_3506,1,1,1,1,1,1,1,1,1,1
2103,GCA_000987945.1_ASM98794v1_genomic_CDS_1331,1,1,1,1,1,1,1,1,1,0
2133,GCA_000467005.1_ASM46700v1_genomic_CDS_4776,0,0,0,0,0,0,0,0,0,0
2134,GCA_000467005.1_ASM46700v1_genomic_CDS_5096,0,1,1,0,1,1,0,0,1,1
2157,GCF_000257605.1_ASM25760v1_genomic_CDS_1667,1,0,0,1,0,1,0,0,0,0
2159,GCA_018824105.1_ASM1882410v1_genomic_CDS_2381,0,0,1,1,1,1,0,1,1,0
2205,GCF_002276485.1_ASM227648v1_genomic_CDS_2412,0,0,0,0,0,0,0,0,0,0
2216,GCA_002392045.1_ASM239204v1_genomic_CDS_2629,1,1,1,1,1,1,0,0,1,1
2297,GCF_001885685.1_ASM188568v1_genomic_CDS_1077,0,0,0,0,0,0,0,0,0,0
2301,GCA_002332925.1_ASM233292v1_genomic_CDS_1065,0,1,1,0,1,1,1,1,1,1
2307,GCA_002294115.1_ASM229411v1_genomic_CDS_2382,1,1,1,1,1,1,1,1,1,1
2366,GCA_003701925.1_ASM370192v1_genomic_CDS_0491,1,1,0,0,0,1,1,0,0,0
2393,GCA_900706875.1_32018_B01_genomic_CDS_0502,0,0,0,0,0,0,0,0,0,1
2399,GCA_017577825.1_D03-12_genomic_CDS_0460,1,1,1,1,1,1,1,1,1,1
2417,GCA_003701695.1_ASM370169v1_genomic_CDS_3804,0,0,0,0,0,0,0,0,0,0
2420,GCF_001543265.1_ASM154326v1_genomic_CDS_1640,1,1,1,0,1,1,0,1,1,1
2430,GCA_000467005.1_ASM46700v1_genomic_CDS_1207,1,1,1,1,1,1,1,1,1,1
2575,GCA_002387205.1_ASM238720v1_genomic_CDS_3707,1,0,0,0,0,1,0,1,0,0
2597,GCA_018813215.1_ASM1881321v1_genomic_CDS_0761,1,1,1,1,1,1,1,1,1,1
2655,GCF_000972175.1_CLC6_0_3_genomic_CDS_2235,0,1,1,1,0,0,0,1,1,0
2660,GCA_000467025.1_ASM46702v1_genomic_CDS_5374,0,0,0,0,0,0,0,0,0,0
2672,GCA_001466975.1_ASM146697v1_genomic_CDS_2785,1,1,1,1,1,1,1,1,1,1
2691,GCA_003517825.1_ASM351782v1_genomic_CDS_2816,0,0,0,0,0,0,0,0,0,1
2693,GCA_002377825.1_ASM237782v1_genomic_CDS_2786,1,1,0,0,1,1,0,1,1,0
2698,GCA_018388645.1_ASM1838864v1_genomic_CDS_2970,1,1,1,1,1,1,1,1,1,1
2785,GCF_000794805.1_AZPAE14703_genomic_CDS_1351,1,0,1,0,1,1,0,1,0,0
2862,GCA_001466975.1_ASM146697v1_genomic_CDS_5111,1,1,0,0,0,0,1,1,1,1
2898,GCA_014359425.1_ASM1435942v1_genomic_CDS_2596,0,0,0,0,0,0,0,0,0,0
2923,GCA_000152525.1_ASM15252v1_genomic_CDS_1586,1,0,0,0,0,0,0,1,0,0
2933,GCA_002418465.1_ASM241846v1_genomic_CDS_3657,1,1,1,1,0,0,1,1,1,0
2960,GCA_003445955.1_ASM344595v1_genomic_CDS_0780,0,1,0,0,0,1,0,0,1,0
2995,GCF_000949385.2_ASM94938v2_genomic_CDS_5283,1,1,1,1,1,1,1,1,1,1
3031,GCA_000335395.3_ASM33539v3_genomic_CDS_0486,1,1,1,1,1,1,1,1,1,1
3036,GCF_001597285.1_ASM159728v1_genomic_CDS_3256,0,1,0,1,0,1,1,1,0,1
3074,GCA_001874665.1_ASM187466v1_genomic_CDS_0394,0,1,1,1,1,0,1,0,1,1
3085,GCA_003412765.1_ASM341276v1_genomic_CDS_1485,0,0,0,0,0,0,0,0,0,0
3097,GCA_900706875.1_32018_B01_genomic_CDS_4963,1,0,0,1,0,0,0,0,0,0
3141,GCA_900706945.1_36340_B01_genomic_CDS_5125,0,0,0,0,0,0,0,0,0,0
3175,GCF_002087235.1_ASM208723v1_genomic_CDS_0764,0,0,0,0,0,0,0,0,0,0
3187,GCA_900589655.1_p2.G1_genomic_CDS_1697,0,0,0,0,0,0,0,0,0,0
3211,GCF_001597285.1_ASM159728v1_genomic_CDS_0928,0,0,1,0,0,0,0,0,0,1
3213,GCF_000794645.1_AZPAE14694_genomic_CDS_6054,1,1,1,0,1,1,1,0,1,1
3224,GCF_000237885.1_PseStu_1.0_genomic_CDS_0256,1,0,0,0,0,1,0,0,0,0
3235,GCF_001765535.1_ASM176553v1_genomic_CDS_1486,0,0,0,0,0,0,0,0,0,0
3295,GCA_003412645.1_ASM341264v1_genomic_CDS_1845,1,1,1,1,1,1,0,1,1,0
3297,GCF_001454265.1_WH-SGI-V-07300_genomic_CDS_4331,1,1,0,0,1,1,0,1,0,0
3309,GCF_001698815.1_ASM169881v1_genomic_CDS_3526,0,1,0,1,1,0,1,1,1,1
3315,GCA_001605875.1_ASM160587v1_genomic_CDS_4754,0,0,0,0,0,0,0,0,0,0
3354,GCA_000467005.1_ASM46700v1_genomic_CDS_1937,1,0,0,1,0,1,0,0,0,0
3365,GCA_001400935.1_PreICMP16945_genomic_CDS_5354,0,0,0,0,0,0,0,0,0,0
3391,GCF_001612705.2_ASM161270v2_genomic_CDS_0954,0,0,0,0,0,1,0,0,0,0
3400,GCA_002479445.1_ASM247944v1_genomic_CDS_2072,0,0,0,0,0,0,0,0,0,0
3408,GCA_002321055.1_ASM232105v1_genomic_CDS_2728,0,0,0,0,0,0,0,0,0,0
3427,GCF_000263395.1_ASM26339v1_genomic_CDS_0796,0,0,0,0,0,0,0,0,0,0
3430,GCA_002208585.1_ASM220858v1_genomic_CDS_2164,1,1,1,1,1,0,1,1,0,1
3466,GCA_000467045.1_ASM46704v1_genomic_CDS_1325,1,1,1,1,1,1,1,1,1,1
3497,GCA_003851425.1_ASM385142v1_genomic_CDS_0704,1,1,1,1,1,1,1,1,1,1
3576,GCF_002318885.1_ASM231888v1_genomic_CDS_1350,0,0,0,0,0,0,0,0,0,0
3584,GCA_003241405.1_ASM324140v1_genomic_CDS_3091,1,0,0,0,0,1,0,0,0,0
3608,GCA_000292775.1_PPS11_1.0_genomic_CDS_5466,1,0,0,1,0,1,0,0,0,0
3695,GCF_000411615.1_Pput2.5_genomic_CDS_0406,1,1,0,1,0,1,0,1,0,1
3715,GCA_000497835.1_L18_assembly_1.0_genomic_CDS_0991,1,0,0,0,0,1,0,1,0,0
3722,GCF_000812405.1_ASM81240v1_genomic_CDS_1671,1,1,1,1,1,1,1,1,1,1
3729,GCA_018821395.1_ASM1882139v1_genomic_CDS_0173,0,0,0,0,0,1,0,0,0,0
3735,GCA_003527165.1_ASM352716v1_genomic_CDS_0688,0,1,0,0,0,0,1,0,0,0
3737,GCF_001906625.1_ASM190662v1_genomic_CDS_4455,1,0,0,0,0,0,0,0,0,0
3750,GCF_002303975.1_ASM230397v1_genomic_CDS_2839,0,0,0,0,0,0,0,0,0,0
3762,GCF_001452575.1_WH-SGI-V-07694_genomic_CDS_3325,1,0,0,1,1,1,0,1,1,1
3776,GCF_001400755.1_PccICMP5710_genomic_CDS_0742,0,0,0,1,1,0,0,1,1,0
3779,GCF_002174995.1_ASM217499v1_genomic_CDS_2524,0,1,1,1,0,0,1,1,1,1
3788,GCF_000317185.3_M1_v2.0_genomic_CDS_1148,0,0,0,0,0,1,0,1,0,0
3797,GCA_012512195.1_ASM1251219v1_genomic_CDS_1758,0,0,0,0,0,0,0,0,0,0
3806,GCF_000794505.1_AZPAE14688_genomic_CDS_1218,1,1,0,0,0,1,0,0,0,0
3816,GCA_001465155.1_ASM146515v1_genomic_CDS_0586,1,1,1,1,1,1,1,0,1,1
3817,GCA_002332925.1_ASM233292v1_genomic_CDS_1160,0,1,1,0,1,0,1,1,1,1
3825,GCA_000335395.3_ASM33539v3_genomic_CDS_0317,1,1,1,1,0,1,1,1,1,1
3837,GCA_003241145.1_ASM324114v1_genomic_CDS_3759,1,0,1,1,0,0,0,1,0,0
3851,GCF_000364625.1_ASM36462v1_genomic_CDS_3247,1,0,0,1,0,1,0,0,0,1
3876,GCA_000412735.1_pagenome_genomic_CDS_5761,0,0,1,0,1,0,0,0,0,0
3883,GCA_011048285.1_ASM1104828v1_genomic_CDS_4055,0,0,0,0,0,0,0,0,1,0
3987,GCA_001465155.1_ASM146515v1_genomic_CDS_4102,0,0,0,0,0,0,0,0,0,0
3991,GCA_001466975.1_ASM146697v1_genomic_CDS_3351,0,0,0,0,0,0,0,0,0,0
4005,GCA_003451195.1_ASM345119v1_genomic_CDS_0001,0,0,0,0,0,0,0,0,0,0
4008,GCF_002037565.1_ASM203756v1_genomic_CDS_0229,1,1,1,1,1,1,1,1,1,1
4088,GCA_000467005.1_ASM46700v1_genomic_CDS_0909,0,1,0,0,0,0,0,0,0,0
4092,GCF_000250615.1_ASM25061v1_genomic_CDS_3228,1,1,1,1,0,1,0,1,1,0
4098,GCF_000796245.1_AZPAE14721_genomic_CDS_0515,0,0,0,0,0,0,0,0,0,0
4102,GCA_000467025.1_ASM46702v1_genomic_CDS_5514,1,0,0,0,0,1,0,1,1,1
4107,GCF_001807925.1_ASM180792v1_genomic_CDS_4197,1,1,1,1,1,1,1,1,1,1
4109,GCA_000467675.1_PseVRFPA03_genomic_CDS_4843,0,0,0,0,1,0,0,0,0,0
4120,GCA_010671685.1_ASM1067168v1_genomic_CDS_4797,0,0,0,0,0,0,0,0,0,1
4123,GCF_002091815.1_ASM209181v1_genomic_CDS_2814,1,0,0,1,0,0,0,0,0,0
4130,GCF_002025205.1_ASM202520v1_genomic_CDS_4164,1,1,1,1,1,1,1,1,1,1
4150,GCA_004372205.1_ASM437220v1_genomic_CDS_1488,0,1,1,1,1,0,1,0,1,1
4155,GCF_001450355.1_WH-SGI-V-07055_genomic_CDS_6072,0,1,0,0,1,1,1,1,0,0
4226,GCA_001465025.1_Pseudomonas_sp._Ga0074129_genomic_CDS_0067,1,0,0,1,0,0,0,0,0,0
4229,GCF_001024395.1_ASM102439v1_genomic_CDS_0726,1,1,1,1,1,1,1,1,1,1
4234,GCF_001512295.1_ASM151229v1_genomic_CDS_2838,0,1,1,0,0,1,1,1,1,1
4245,GCF_000963835.1_ASM96383v1_genomic_CDS_0640,1,1,1,1,1,1,1,1,0,0
4247,GCF_000793705.1_AZPAE14907_genomic_CDS_5087,1,0,0,0,0,1,1,1,0,1
4273,GCA_001465445.1_ADP0v1_genomic_CDS_2660,1,0,0,0,0,1,0,0,0,0
4277,GCF_000152545.1_ASM15254v1_genomic_CDS_0041,1,1,1,1,1,1,1,1,1,1
4296,GCA_002307775.1_ASM230777v1_genomic_CDS_1009,0,1,1,0,0,1,0,1,1,1
4297,GCA_002307775.1_ASM230777v1_genomic_CDS_1233,1,0,0,0,0,0,1,1,0,1
4358,GCA_003445295.1_ASM344529v1_genomic_CDS_2429,1,1,0,1,0,1,1,1,0,1
4366,GCF_001554315.1_ASM155431v1_genomic_CDS_4104,0,0,1,0,1,0,0,0,1,1
4376,GCA_000258285.1_ASM25828v1_genomic_CDS_1320,1,1,0,1,1,1,1,1,1,0
4387,GCA_000258285.1_ASM25828v1_genomic_CDS_2537,0,0,0,1,0,1,0,0,0,0
4434,GCF_000416745.1_ASM41674v1_genomic_CDS_4573,0,0,0,0,0,0,0,0,0,0
4454,GCA_013374745.1_ASM1337474v1_genomic_CDS_2555,1,1,1,1,1,1,1,1,1,1
4488,GCA_013152005.1_ASM1315200v1_genomic_CDS_1796,1,0,0,0,0,1,0,0,0,0
4499,GCA_001466975.1_ASM146697v1_genomic_CDS_3985,0,0,1,0,1,1,0,1,1,1
4520,GCF_001990345.1_ASM199034v1_genomic_CDS_4005,0,0,0,0,0,0,0,0,0,0
4521,GCA_002354255.1_ASM235425v1_genomic_CDS_0254,1,0,0,0,0,1,0,0,0,0
4526,GCF_000259025.1_ASM25902v1_genomic_CDS_5301,0,0,1,1,1,1,0,0,1,0
4551,GCF_001400875.1_PmeICMP5711_genomic_CDS_3836,1,1,0,1,0,1,0,0,1,0
4558,GCA_003205955.1_ASM320595v1_genomic_CDS_3265,1,1,0,1,0,0,1,0,1,1
4604,GCA_002381725.1_ASM238172v1_genomic_CDS_2977,0,0,0,0,0,1,0,0,0,0
4628,GCA_001312165.1_ASM131216v1_genomic_CDS_1909,1,1,0,0,0,1,0,0,0,0
4706,GCA_000285355.1_ASM28535v1_genomic_CDS_1250,1,1,0,1,0,1,0,0,0,0
4752,GCA_002840035.1_ASM284003v1_genomic_CDS_2122,0,0,0,1,0,0,0,0,0,0
4760,GCA_001466975.1_ASM146697v1_genomic_CDS_3553,1,1,1,1,1,1,1,1,1,0
4761,GCA_001466975.1_ASM146697v1_genomic_CDS_4065,0,0,0,0,0,0,0,0,0,0
4765,GCA_000292775.1_PPS11_1.0_genomic_CDS_5615,1,1,1,1,1,0,1,1,1,1
4796,GCA_002331415.1_ASM233141v1_genomic_CDS_1946,1,1,0,1,1,0,1,1,1,1
4859,GCA_002840035.1_ASM284003v1_genomic_CDS_1232,1,1,1,1,1,1,1,1,1,1
4868,GCA_002256045.1_ASM225604v1_genomic_CDS_2591,0,0,0,0,0,0,0,0,0,0
4869,GCA_002256045.1_ASM225604v1_genomic_CDS_2783,1,1,1,1,1,0,1,0,0,1
4870,GCA_002256045.1_ASM225604v1_genomic_CDS_3295,1,1,0,0,1,1,1,0,1,0
4895,GCF_002269515.1_ASM226951v1_genomic_CDS_4087,1,0,1,0,1,1,0,0,0,0
4900,GCA_010671685.1_ASM1067168v1_genomic_CDS_0377,1,1,0,1,1,0,0,1,0,0
4905,GCF_000794505.1_AZPAE14688_genomic_CDS_6527,1,1,1,1,1,1,1,1,1,1
4930,GCA_002434265.1_ASM243426v1_genomic_CDS_0118,0,0,0,0,0,0,0,1,0,0
4937,GCF_001547955.1_ASM154795v1_genomic_CDS_5540,1,0,0,0,0,0,0,0,0,0
4955,GCA_001990445.1_ASM199044v1_genomic_CDS_0367,1,0,0,1,0,0,0,1,0,0
4975,GCA_001547575.1_ASM154757v1_genomic_CDS_3061,0,0,0,0,1,1,0,0,0,0
4977,GCA_001547575.1_ASM154757v1_genomic_CDS_3765,1,1,1,1,1,1,1,1,1,1
5069,GCF_002007785.1_ASM200778v1_genomic_CDS_5612,1,1,1,1,1,1,1,1,1,1
5089,GCF_001708505.1_ASM170850v1_genomic_CDS_5372,0,0,0,0,0,0,0,0,0,0
5125,GCA_001466975.1_ASM146697v1_genomic_CDS_4102,1,1,1,1,1,1,1,1,1,1
5146,GCA_002363305.1_ASM236330v1_genomic_CDS_0304,1,0,0,0,0,1,0,0,0,0
5192,GCA_018815345.1_ASM1881534v1_genomic_CDS_0357,1,1,0,1,0,1,0,0,0,0
5288,GCA_002345435.1_ASM234543v1_genomic_CDS_1791,0,0,0,0,0,0,0,0,0,0
5300,GCF_000988505.1_ASM98850v1_genomic_CDS_1902,1,1,0,1,1,1,1,1,0,1
5310,GCA_017577825.1_D03-12_genomic_CDS_2490,0,0,0,0,0,0,0,0,0,0
5312,GCF_000802425.1_ASM80242v1_genomic_CDS_1638,1,0,0,1,0,1,0,0,1,0
5351,GCF_001450465.1_WH-SGI-V-07064_genomic_CDS_1112,1,0,0,0,1,1,1,1,1,1
5356,GCA_900766265.1_SRS372576_1_genomic_CDS_0866,1,1,1,1,1,1,1,1,1,1
5434,GCF_002234375.1_ASM223437v1_genomic_CDS_0445,1,1,1,1,1,0,1,1,0,1
5441,GCA_002471085.1_ASM247108v1_genomic_CDS_2616,1,1,1,1,1,1,1,1,1,1
5443,GCA_002208585.1_ASM220858v1_genomic_CDS_6102,0,0,1,0,0,0,0,0,0,0
5489,GCA_001547575.1_ASM154757v1_genomic_CDS_1426,1,1,1,1,1,1,1,1,1,1
5523,GCA_018417495.1_ASM1841749v1_genomic_CDS_0695,0,0,0,0,0,0,0,0,0,0
5546,GCF_000367825.1_Pseudomonas_putida_TRO1_genomic_CDS_0768,0,0,0,0,0,0,0,0,0,0
5692,GCA_000467025.1_ASM46702v1_genomic_CDS_3614,0,0,0,0,0,0,0,0,0,0
5745,GCF_000795325.1_AZPAE14825_genomic_CDS_0727,0,0,1,0,1,0,1,1,0,1
5762,GCA_002345575.1_ASM234557v1_genomic_CDS_3064,1,0,0,1,0,0,0,1,1,0
5780,GCA_000467025.1_ASM46702v1_genomic_CDS_2963,1,1,0,0,0,1,1,1,0,0
5795,GCA_002386665.1_ASM238666v1_genomic_CDS_2250,0,0,0,0,0,0,0,1,0,0
5811,GCF_000412695.1_ASM41269v1_genomic_CDS_4230,1,1,1,0,1,1,1,0,1,1
5818,GCA_001401055.1_PsoICMP16925_genomic_CDS_4703,0,0,0,0,0,0,0,0,0,0
5833,GCF_001874645.1_ASM187464v1_genomic_CDS_0775,1,0,1,1,1,1,0,1,0,1
5842,GCA_002419965.1_ASM241996v1_genomic_CDS_0088,0,0,0,0,0,0,0,1,0,0
5865,GCF_002165135.1_ASM216513v1_genomic_CDS_1771,0,0,0,0,0,0,0,0,0,0
5866,GCA_002472825.1_ASM247282v1_genomic_CDS_0756,1,0,0,0,0,0,0,0,0,0
5890,GCA_003702035.1_ASM370203v1_genomic_CDS_0039,1,1,1,1,1,1,0,0,0,1
5914,GCF_001401315.1_PtgICMP4091_genomic_CDS_4908,1,0,0,1,0,1,0,0,1,0
5939,GCA_002440465.1_ASM244046v1_genomic_CDS_0806,1,1,1,1,1,1,1,1,1,1
6001,GCA_001605875.1_ASM160587v1_genomic_CDS_2393,0,0,0,0,1,1,0,0,1,0
6057,GCF_001904985.1_ASM190498v1_genomic_CDS_1905,1,1,0,1,0,0,0,0,0,0
6081,GCF_000317185.3_M1_v2.0_genomic_CDS_3035,1,0,0,1,0,1,0,0,0,0
6097,GCA_900706975.1_35891_E01_genomic_CDS_2134,1,1,1,1,0,1,1,1,1,1
6102,GCF_000410875.1_KCCM90073_genomic_CDS_0701,1,1,0,1,1,1,1,0,0,0
6103,GCF_001423155.1_Leaf127_genomic_CDS_4905,0,0,0,0,0,0,0,0,0,0
6137,GCA_003412765.1_ASM341276v1_genomic_CDS_1931,0,0,0,1,0,1,0,0,0,0
6155,GCA_002364915.1_ASM236491v1_genomic_CDS_0436,0,0,0,0,0,0,0,0,0,0
6165,GCF_000282355.1_Pseudomonas.strGM49_v1.0_genomic_CDS_0953,1,1,0,0,0,1,0,1,1,0
6174,GCA_018821395.1_ASM1882139v1_genomic_CDS_2838,1,0,0,0,0,0,0,0,0,0
6194,GCA_003691345.1_ASM369134v1_genomic_CDS_5447,0,1,1,1,1,0,1,1,1,1
6202,GCA_003504455.1_ASM350445v1_genomic_CDS_3700,0,1,1,0,0,1,1,1,1,1
6231,GCA_002391025.1_ASM239102v1_genomic_CDS_0497,0,0,0,0,1,0,0,0,0,0
6245,GCA_002208585.1_ASM220858v1_genomic_CDS_2898,0,1,0,1,0,1,0,1,1,0
6249,GCF_000416465.2_ASM41646v2_genomic_CDS_5486,1,1,0,0,1,0,1,0,0,1
6254,GCA_001513025.1_ASM151302v1_genomic_CDS_0725,1,1,1,0,1,0,1,0,1,0
6289,GCA_003241405.1_ASM324140v1_genomic_CDS_2576,1,0,0,1,0,1,1,1,1,1
6343,GCA_000467065.1_ASM46706v1_genomic_CDS_1501,1,1,1,0,1,1,0,1,0,1
6345,GCF_001466945.1_ASM146694v1_genomic_CDS_2925,0,0,0,0,0,0,0,0,0,0
6417,GCA_900478745.1_32018_A01_genomic_CDS_1384,0,0,0,0,0,0,0,0,0,0
6529,GCF_000319815.1_Psalc341.0_genomic_CDS_4044,0,0,1,0,0,0,1,0,1,1
6570,GCF_001400835.1_PheICMP4531_genomic_CDS_1096,1,0,1,0,0,1,0,1,0,1
6612,GCA_002364635.1_ASM236463v1_genomic_CDS_0241,1,1,1,1,1,1,1,1,1,1
6618,GCA_002010815.1_ASM201081v1_genomic_CDS_0629,1,1,1,0,1,1,1,1,0,1
6622,GCA_002010815.1_ASM201081v1_genomic_CDS_1845,1,0,0,0,0,1,0,0,0,1
6632,GCA_002862505.1_ASM286250v1_genomic_CDS_4088,1,1,1,1,1,1,1,1,1,1
6713,GCF_000282335.1_Pseudomonas.strGM48_v1.0_genomic_CDS_1846,0,0,0,0,0,0,0,0,0,0
6813,GCA_002295785.1_ASM229578v1_genomic_CDS_3295,1,0,0,0,0,0,0,0,0,0
6971,GCA_000825745.1_PAE221_genomic_CDS_4217,0,1,0,1,0,1,0,1,0,0
7051,GCA_002843285.1_ASM284328v1_genomic_CDS_3440,1,1,1,1,1,1,1,1,1,1
7149,GCA_018827205.1_ASM1882720v1_genomic_CDS_0769,1,1,1,1,1,1,1,1,1,1
7162,GCF_001453485.1_WH-SGI-V-07646_genomic_CDS_3519,0,0,1,0,1,1,1,1,1,0
7172,GCA_002911525.1_ASM291152v1_genomic_CDS_3137,1,1,1,1,1,1,1,0,1,1
7178,GCA_000285355.1_ASM28535v1_genomic_CDS_5152,1,1,0,1,1,1,1,0,1,1
7179,GCA_001641345.1_ASM164134v1_genomic_CDS_2908,1,1,0,1,1,1,0,1,1,1
7184,GCF_001400915.1_PpoICMP8961_genomic_CDS_5118,0,1,1,0,1,0,1,0,0,0
7209,GCF_000219705.1_ASM21970v1_genomic_CDS_4281,0,0,0,0,0,0,0,0,0,0
7212,GCF_001909645.1_ASM190964v1_genomic_CDS_3345,1,1,0,1,0,1,0,0,1,0
7220,GCF_000282495.1_GM79.fsa_genomic_CDS_5236,0,0,0,0,0,1,0,0,0,0
7225,GCF_001910285.1_ASM191028v1_genomic_CDS_2530,1,0,0,0,0,0,0,0,1,0
7229,GCF_000364625.1_ASM36462v1_genomic_CDS_1845,1,1,0,1,1,1,0,0,1,1
7281,GCA_002354255.1_ASM235425v1_genomic_CDS_0617,1,0,0,1,0,1,0,0,0,0
7299,GCA_002419715.1_ASM241971v1_genomic_CDS_2882,0,0,0,0,0,0,0,0,0,0
7309,GCF_001996325.1_ASM199632v1_genomic_CDS_0711,1,0,0,0,0,0,0,0,0,0
7316,GCA_018398455.1_ASM1839845v1_genomic_CDS_0030,0,1,1,0,0,1,1,1,1,1
7337,GCA_000335395.3_ASM33539v3_genomic_CDS_2021,0,0,0,0,0,0,0,0,1,0
7398,GCA_000505805.1_P.aer_PFK10_genomic_CDS_4781,1,1,1,1,1,1,1,1,1,1
7400,GCA_000505805.1_P.aer_PFK10_genomic_CDS_4909,1,1,1,1,0,1,0,0,0,0
7419,GCF_001702295.1_ASM170229v1_genomic_CDS_2343,0,0,1,0,0,0,1,1,0,1
7449,GCA_001641325.1_ASM164132v1_genomic_CDS_4393,0,0,0,0,0,1,0,0,0,0
7519,GCF_000152545.1_ASM15254v1_genomic_CDS_1808,0,0,0,0,0,0,0,0,0,0
7523,GCF_000794625.1_AZPAE14693_genomic_CDS_4244,0,0,1,0,0,0,0,0,0,0
7584,GCF_000166515.1_WH6_v1_genomic_CDS_0033,0,0,1,1,1,0,1,1,1,1
7616,GCA_002687655.1_ASM268765v1_genomic_CDS_0752,0,0,0,0,0,0,0,0,1,0
7620,GCF_002091655.1_ASM209165v1_genomic_CDS_4620,0,0,0,1,0,0,0,1,0,1
7633,GCA_009903205.1_ASM990320v1_genomic_CDS_1181,0,1,1,1,0,1,1,0,0,0
7635,GCF_002156655.1_ASM215665v1_genomic_CDS_3098,1,0,0,1,0,1,0,1,0,0
7683,GCF_000795585.1_AZPAE13866_genomic_CDS_0170,1,0,0,0,0,0,0,0,0,0
7703,GCF_001450305.1_WH-SGI-V-07380_genomic_CDS_5673,0,1,1,1,1,0,1,1,1,1
7750,GCA_002025755.1_ASM202575v1_genomic_CDS_5032,1,0,0,0,0,1,0,0,0,0
7810,GCA_017491745.1_ASM1749174v1_genomic_CDS_1800,1,1,0,1,1,0,0,1,1,0
7832,GCF_000797105.1_AZPAE12412_genomic_CDS_0905,0,1,1,0,1,0,1,1,1,1
7844,GCA_000467025.1_ASM46702v1_genomic_CDS_3503,0,1,1,1,0,0,1,1,1,1
7857,GCF_002234375.1_ASM223437v1_genomic_CDS_1466,0,0,0,1,1,1,0,0,0,0
7888,GCA_000953455.1_Ppseudo_Pac_genomic_CDS_1545,1,0,0,0,0,0,0,0,0,0
7896,GCA_001641345.1_ASM164134v1_genomic_CDS_1650,0,0,0,0,0,0,0,0,0,0
7965,GCA_003517825.1_ASM351782v1_genomic_CDS_3527,1,0,1,1,0,1,0,1,1,0
7976,GCA_003952305.1_ASM395230v1_genomic_CDS_0272,0,0,0,0,0,0,0,0,0,1
8065,GCF_001708505.1_ASM170850v1_genomic_CDS_4878,1,1,1,0,1,1,1,1,1,1
8073,GCA_000152525.1_ASM15252v1_genomic_CDS_1289,0,0,0,0,0,0,0,0,0,0
8091,GCA_000751715.1_HGAP_corrected_genomic_CDS_4702,1,1,0,0,0,0,0,0,0,1
8092,GCA_000751715.1_HGAP_corrected_genomic_CDS_4798,1,1,1,0,1,1,1,0,1,0
8175,GCA_002840155.1_ASM284015v1_genomic_CDS_0197,0,0,1,0,1,1,1,0,0,0
8212,GCA_000467065.1_ASM46706v1_genomic_CDS_5066,0,0,0,0,0,0,0,0,0,0
8220,GCF_001452765.1_WH-SGI-V-07711_genomic_CDS_3636,0,0,0,0,0,0,0,0,0,0
8244,GCA_017744435.1_ASM1774443v1_genomic_CDS_2484,0,1,1,1,1,1,1,0,1,1
8269,GCF_000795905.1_AZPAE14718_genomic_CDS_6059,1,0,1,0,0,1,1,0,0,1
8382,GCA_001466975.1_ASM146697v1_genomic_CDS_0998,1,1,1,0,1,1,1,1,1,1
8383,GCF_002021605.1_ASM202160v1_genomic_CDS_3858,1,1,1,1,0,1,0,0,1,1
8384,GCF_000282335.1_Pseudomonas.strGM48_v1.0_genomic_CDS_0714,0,0,0,0,0,0,0,0,0,0
8393,GCF_001695625.1_ASM169562v1_genomic_CDS_0797,0,0,0,0,0,0,0,0,0,0
8409,GCF_002091735.1_ASM209173v1_genomic_CDS_3088,0,0,0,0,0,0,0,0,0,0
8414,GCA_001830395.1_ASM183039v1_genomic_CDS_1010,0,0,1,0,1,0,1,1,1,0
8418,GCA_002391025.1_ASM239102v1_genomic_CDS_3807,0,0,0,0,0,0,0,0,0,0
8420,GCA_002208585.1_ASM220858v1_genomic_CDS_1670,0,0,0,1,1,1,0,0,0,0
8436,GCF_002113025.1_ASM211302v1_genomic_CDS_0624,0,0,0,1,0,0,0,0,0,0
8448,GCF_000416525.1_ASM41652v1_genomic_CDS_4220,0,0,0,0,0,0,0,0,0,0
8451,GCA_003428805.1_ASM342880v1_genomic_CDS_1840,0,0,0,0,0,0,0,1,1,0
8452,GCA_016758735.1_ASM1675873v1_genomic_CDS_1856,0,0,0,0,0,0,0,0,0,0
8456,GCA_002418465.1_ASM241846v1_genomic_CDS_3285,0,0,0,0,0,0,0,0,0,0
8464,GCA_002295895.1_ASM229589v1_genomic_CDS_1841,0,1,1,0,0,0,1,1,0,1
8466,GCA_001465445.1_ADP0v1_genomic_CDS_2441,0,0,0,0,0,0,0,1,0,0
8467,GCA_001465445.1_ADP0v1_genomic_CDS_3466,0,0,0,0,0,0,0,0,0,0
8501,GCF_002269785.1_ASM226978v1_genomic_CDS_4780,1,0,1,0,0,0,0,0,0,1
8513,GCA_001312165.1_ASM131216v1_genomic_CDS_3581,1,0,1,0,0,1,1,1,1,1
8523,GCF_001006135.1_ASM100613v1_genomic_CDS_4935,0,0,0,0,0,0,0,0,0,0
8532,GCA_000505825.1_P.aer_PK6_genomic_CDS_1177,0,1,0,1,0,0,0,1,0,0
8557,GCA_018398455.1_ASM1839845v1_genomic_CDS_1495,1,1,1,1,1,1,1,1,1,1
8574,GCF_000245475.1_ASM24547v1_genomic_CDS_3584,0,0,0,0,0,0,0,1,0,0
8611,GCF_002079985.1_ASM207998v1_genomic_CDS_4498,1,1,0,0,0,1,0,0,0,1
8617,GCA_000467065.1_ASM46706v1_genomic_CDS_5125,1,1,1,1,1,1,1,1,1,1
8638,GCA_000467045.1_ASM46704v1_genomic_CDS_4860,1,1,1,1,1,1,1,0,1,0
8651,GCA_009498355.1_ASM949835v1_genomic_CDS_5389,0,1,1,1,0,0,1,1,1,0
8671,GCA_000335395.3_ASM33539v3_genomic_CDS_2003,1,0,0,0,1,0,0,1,0,0
8683,GCA_014653325.1_ASM1465332v1_genomic_CDS_1706,1,0,0,1,0,1,0,0,0,0
8691,GCF_000806415.1_ASM80641v1_genomic_CDS_1640,0,0,1,0,0,0,0,0,1,0
8693,GCF_001856885.1_ASM185688v1_genomic_CDS_5046,1,1,1,1,0,1,1,1,1,1
8698,GCF_002113785.1_ASM211378v1_genomic_CDS_5022,1,1,1,1,1,0,1,1,1,1
8700,GCA_002315125.1_ASM231512v1_genomic_CDS_1920,1,1,1,1,1,1,1,1,1,1
8779,GCA_004000515.1_ASM400051v1_genomic_CDS_2269,1,1,0,1,0,0,0,1,0,0
8781,GCA_000467005.1_ASM46700v1_genomic_CDS_4892,0,0,0,0,0,0,0,0,0,0
8784,GCA_003527725.1_ASM352772v1_genomic_CDS_0201,0,0,0,0,0,0,0,0,0,0
8831,GCA_002296205.1_ASM229620v1_genomic_CDS_3001,1,0,1,1,0,1,0,0,1,1
8844,GCA_002364635.1_ASM236463v1_genomic_CDS_0755,1,0,0,0,0,0,0,0,0,0
8906,GCF_000316965.1_313_genomic_CDS_1702,0,1,1,1,1,1,1,1,1,0
8916,GCA_000733635.1_ASM73363v1_genomic_CDS_1712,0,0,0,1,0,0,0,0,1,0
8950,GCA_002377825.1_ASM237782v1_genomic_CDS_2181,0,0,0,1,1,0,0,0,1,0
8991,GCA_018828085.1_ASM1882808v1_genomic_CDS_1175,1,0,0,0,0,1,0,1,0,0
8992,GCA_018828085.1_ASM1882808v1_genomic_CDS_3354,1,1,1,1,1,1,1,1,1,0
9052,GCA_002483005.1_ASM248300v1_genomic_CDS_1970,1,0,0,0,0,1,0,0,1,0
9054,GCF_000152545.1_ASM15254v1_genomic_CDS_0176,1,1,1,1,1,1,1,1,1,1
9071,GCF_000988395.1_ASM98839v1_genomic_CDS_4024,1,1,1,1,1,1,1,1,1,1
9080,GCA_003712015.2_ASM371201v2_genomic_CDS_1166,1,0,0,1,1,1,0,0,0,0
9094,GCA_000467065.1_ASM46706v1_genomic_CDS_1327,1,0,1,1,1,0,1,1,1,0
9104,GCA_014653325.1_ASM1465332v1_genomic_CDS_3401,0,0,0,0,1,1,0,0,0,0
9105,GCF_000302815.1_Pav037_1.0_genomic_CDS_4409,1,1,1,1,1,1,1,1,1,1
9133,GCA_015234375.1_ASM1523437v1_genomic_CDS_0470,1,0,0,0,0,0,0,0,0,0
9172,GCF_000349845.1_ASM34984v1_genomic_CDS_3078,0,0,0,0,0,0,0,0,0,0
9185,GCA_900706955.1_36340_D01_genomic_CDS_2460,1,1,1,0,1,0,1,1,0,1
9187,GCF_002155165.1_ASM215516v1_genomic_CDS_0405,0,0,0,0,0,0,0,0,0,0
9188,GCA_010671685.1_ASM1067168v1_genomic_CDS_2560,0,0,0,1,0,0,0,0,1,0
9190,GCF_001945395.1_ASM194539v1_genomic_CDS_1711,0,1,1,0,1,1,1,1,1,1
9216,GCA_002429895.1_ASM242989v1_genomic_CDS_3156,1,1,1,1,1,1,1,1,1,1
9217,GCA_010499235.1_ASM1049923v1_genomic_CDS_3813,0,1,1,1,1,0,1,1,1,0
9220,GCF_001400515.1_PmlICMP6289_genomic_CDS_3775,0,1,1,1,0,1,1,0,1,0
9227,GCA_013374745.1_ASM1337474v1_genomic_CDS_2673,1,1,1,1,0,1,1,1,0,0
9230,GCF_001007205.1_ASM100720v1_genomic_CDS_0449,0,0,0,0,0,0,0,0,0,0
9237,GCF_000364625.1_ASM36462v1_genomic_CDS_1843,1,1,0,1,1,1,0,1,1,0
9247,GCF_001414085.1_ASM141408v1_genomic_CDS_0536,1,1,1,0,0,0,0,1,1,1
9263,GCA_000467065.1_ASM46706v1_genomic_CDS_2356,1,1,0,1,0,1,0,1,0,0
9303,GCF_002091575.1_ASM209157v1_genomic_CDS_3324,1,1,1,1,1,1,1,1,1,1
9332,GCA_900706975.1_35891_E01_genomic_CDS_2065,1,1,0,0,0,1,0,0,0,0
9355,GCA_002282595.1_ASM228259v1_genomic_CDS_2085,1,1,0,1,0,1,0,1,0,0
9370,GCA_000531435.1_PA38182_genomic_CDS_5487,0,1,1,1,0,0,1,1,0,1
9377,GCA_002440465.1_ASM244046v1_genomic_CDS_4655,0,0,0,0,0,0,0,0,0,1
9396,GCA_018363605.1_ASM1836360v1_genomic_CDS_3368,0,0,0,0,0,0,0,0,0,0
9397,GCA_018363605.1_ASM1836360v1_genomic_CDS_3656,1,0,0,1,0,0,0,0,0,1
9457,GCA_019056435.1_ASM1905643v1_genomic_CDS_2173,1,1,0,0,1,1,0,0,0,0
9459,GCA_000292775.1_PPS11_1.0_genomic_CDS_1830,1,1,0,1,1,1,0,0,0,0
9473,GCA_901420175.1_32117_H02_genomic_CDS_3036,1,1,1,1,1,0,1,1,1,1
9479,GCA_018827795.1_ASM1882779v1_genomic_CDS_3169,0,1,0,0,0,1,0,1,0,0
9509,GCA_002325835.1_ASM232583v1_genomic_CDS_1960,1,0,0,1,1,1,0,0,0,1
9523,GCA_017886405.1_ASM1788640v1_genomic_CDS_0923,1,0,1,0,0,0,1,0,0,1
9558,GCF_000292285.1_ASM29228v1_genomic_CDS_3638,0,0,1,1,1,1,1,0,1,0
9585,GCF_002196875.1_ASM219687v1_genomic_CDS_5821,0,0,0,0,0,0,1,0,0,1
9601,GCA_003488145.1_ASM348814v1_genomic_CDS_2265,1,1,1,1,1,0,1,1,1,1
9603,GCA_009360625.1_ASM936062v1_genomic_CDS_1655,0,1,1,0,0,1,1,1,1,1
9680,GCF_000416215.1_ASM41621v1_genomic_CDS_4235,0,0,0,1,0,0,0,0,0,0
9681,GCA_018063765.1_ASM1806376v1_genomic_CDS_0110,0,0,0,0,0,0,0,0,0,0
9688,GCA_002388145.1_ASM238814v1_genomic_CDS_1630,1,1,1,1,1,1,1,1,1,1
9694,GCF_001839645.1_ASM183964v1_genomic_CDS_0489,1,1,0,1,1,1,0,0,0,1
9699,GCA_001007345.1_ASM100734v1_genomic_CDS_0898,0,0,0,0,0,0,0,0,0,0
9716,GCF_001020655.1_ASM102065v1_genomic_CDS_2079,1,1,0,1,1,1,0,1,1,1
9751,GCA_002323655.1_ASM232365v1_genomic_CDS_3276,1,0,0,0,0,0,0,0,0,0
9755,GCF_000416235.1_ASM41623v1_genomic_CDS_1380,1,1,1,1,1,1,1,1,1,1
9758,GCF_000364625.1_ASM36462v1_genomic_CDS_2203,1,0,0,1,0,0,0,0,1,0
9764,GCA_002911525.1_ASM291152v1_genomic_CDS_0504,0,0,0,0,0,0,0,0,0,0
9789,GCA_001465025.1_Pseudomonas_sp._Ga0074129_genomic_CDS_2240,1,0,0,1,1,1,0,0,1,0
9886,GCF_002269155.1_ASM226915v1_genomic_CDS_3756,0,1,0,0,0,0,0,0,0,0
9903,GCA_002483005.1_ASM248300v1_genomic_CDS_1788,1,1,1,1,1,0,1,0,1,1
9908,GCA_002295205.1_ASM229520v1_genomic_CDS_2326,0,0,0,0,0,0,0,0,0,0
9909,GCF_001467265.1_ASM146726v1_genomic_CDS_0787,0,0,0,1,0,1,0,1,0,1
9920,GCF_001637285.1_ASM163728v1_genomic_CDS_1129,1,1,1,0,1,1,1,1,1,1
9930,GCF_000834545.1_ASM83454v1_genomic_CDS_0254,0,1,0,0,0,0,0,1,0,1
9966,GCA_002294535.1_ASM229453v1_genomic_CDS_1749,0,1,0,0,1,0,0,0,1,1
9977,GCA_002294535.1_ASM229453v1_genomic_CDS_2806,0,0,0,0,1,0,0,0,1,1
9999,GCF_001698815.1_ASM169881v1_genomic_CDS_3181,1,1,0,1,1,1,0,0,0,0
10021,GCA_008015445.1_ASM801544v1_genomic_CDS_1435,0,1,0,0,0,0,1,1,0,1
10022,GCA_900584935.1_p21.F9_genomic_CDS_2886,0,0,0,0,0,0,0,0,0,0
10073,GCA_015234375.1_ASM1523437v1_genomic_CDS_0712,0,0,0,0,0,0,0,0,0,0
10135,GCF_000935305.1_Pseu_ory_RIT370_v1_genomic_CDS_2966,1,1,1,0,1,1,1,1,0,0
10196,GCF_002201305.1_ASM220130v1_genomic_CDS_2871,0,0,0,0,0,0,0,0,0,0
10200,GCF_000817895.1_ASM81789v1_genomic_CDS_3860,0,1,1,1,1,0,1,0,1,1
10216,GCF_002196875.1_ASM219687v1_genomic_CDS_5813,0,0,0,0,0,0,0,0,0,0
10241,GCA_900706955.1_36340_D01_genomic_CDS_2581,1,0,1,1,0,1,1,0,1,0
10243,GCF_001007205.1_ASM100720v1_genomic_CDS_3475,0,1,1,1,1,1,1,0,1,1
10249,GCA_002321985.1_ASM232198v1_genomic_CDS_1214,1,1,1,1,1,1,1,1,1,0
10257,GCF_001885685.1_ASM188568v1_genomic_CDS_2984,0,0,0,0,0,0,0,0,0,0
10307,GCA_003974705.1_ASM397470v1_genomic_CDS_0984,1,1,1,1,1,1,0,1,0,1
10365,GCA_016763285.1_ASM1676328v1_genomic_CDS_0079,1,1,0,1,0,0,0,0,0,0
10381,GCA_001312145.1_ASM131214v1_genomic_CDS_4082,0,0,0,1,0,1,0,0,0,0
10396,GCA_000467025.1_ASM46702v1_genomic_CDS_2380,1,1,1,1,1,1,1,0,1,1
10406,GCA_003241655.1_ASM324165v1_genomic_CDS_2629,0,0,0,0,0,0,0,0,0,0
10424,GCA_001921095.1_TRN6622_genomic_CDS_1844,1,0,0,1,0,0,0,0,1,0
10484,GCA_019219245.1_ASM1921924v1_genomic_CDS_1089,0,0,0,0,0,0,0,0,0,0
10589,GCA_900766265.1_SRS372576_1_genomic_CDS_2141,0,1,0,0,1,0,1,0,1,1
10595,GCA_018310475.1_ASM1831047v1_genomic_CDS_6076,1,0,0,0,0,0,0,0,0,0
10645,GCA_002088155.1_ASM208815v1_genomic_CDS_2345,0,0,0,1,0,0,0,0,0,1
10664,GCA_003950235.1_ASM395023v1_genomic_CDS_1851,1,0,1,1,1,1,0,1,0,1
10681,GCF_000287395.1_Pmen01_genomic_CDS_2934,1,0,0,0,1,0,0,0,0,0
10684,GCF_000294445.2_ASM29444v2_genomic_CDS_3843,1,1,1,0,0,1,0,1,1,1
10744,GCA_002376525.1_ASM237652v1_genomic_CDS_0196,0,0,0,1,1,0,1,0,1,1
10746,GCA_015478845.1_ASM1547884v1_genomic_CDS_1838,0,1,1,1,1,1,0,1,1,0
10754,GCF_000319305.2_ASM31930v2_genomic_CDS_1138,0,1,1,1,1,0,1,1,1,1
10766,GCF_002304225.1_ASM230422v1_genomic_CDS_0559,0,0,0,1,0,0,0,0,0,0
10776,GCA_003721365.1_ASM372136v1_genomic_CDS_7039,1,1,1,1,1,1,1,1,1,1
10804,GCA_018388645.1_ASM1838864v1_genomic_CDS_2719,0,0,0,0,0,0,0,0,0,0
10808,GCF_001637285.1_ASM163728v1_genomic_CDS_2981,0,1,1,1,1,1,1,1,1,1
10821,GCA_901420175.1_32117_H02_genomic_CDS_1432,0,0,0,0,0,0,0,0,0,0
10923,GCF_000327065.1_ASM32706v1_genomic_CDS_2865,1,1,0,0,0,0,0,0,1,0
10956,GCA_003539215.1_ASM353921v1_genomic_CDS_2914,0,0,0,0,0,1,0,0,1,0
10971,GCA_000733615.1_ASM73361v1_genomic_CDS_7575,1,1,1,1,1,1,1,1,1,0
10978,GCA_001828735.1_ASM182873v1_genomic_CDS_3526,0,0,0,0,0,0,0,0,0,0
11003,GCA_003241145.1_ASM324114v1_genomic_CDS_2095,1,1,1,1,1,1,1,1,1,1
11004,GCF_000826105.1_Pseudomonas_massiliensis_CB1_genomic_CDS_4209,0,0,0,0,0,0,0,0,0,0
11010,GCA_012735335.1_ASM1273533v1_genomic_CDS_0674,0,0,1,0,1,0,0,0,0,0
11023,GCA_901472545.1_36340_E01_genomic_CDS_5906,1,0,0,0,0,1,1,1,0,0
11027,GCA_000467045.1_ASM46704v1_genomic_CDS_3847,0,0,1,0,0,0,1,0,0,0
11044,GCF_001836415.1_ASM183641v1_genomic_CDS_1028,1,1,0,1,1,1,0,1,1,0
11063,GCA_001605875.1_ASM160587v1_genomic_CDS_5277,1,0,0,1,0,1,0,1,0,0
11088,GCF_002165135.1_ASM216513v1_genomic_CDS_1426,0,0,0,0,0,0,0,0,0,0
11097,GCF_000257605.1_ASM25760v1_genomic_CDS_3619,1,1,0,1,1,1,1,0,0,1
11104,GCA_002419715.1_ASM241971v1_genomic_CDS_0714,1,1,1,1,0,1,1,0,1,1
11105,GCA_002419715.1_ASM241971v1_genomic_CDS_0746,0,0,0,0,0,0,0,0,0,0
11112,GCF_001020625.1_ASM102062v1_genomic_CDS_3488,1,1,1,0,1,1,1,1,1,1
11140,GCA_018780345.1_ASM1878034v1_genomic_CDS_4115,0,0,1,1,1,0,1,1,1,0
11146,GCA_000987945.1_ASM98794v1_genomic_CDS_1876,1,0,0,1,0,0,0,0,0,0
11186,GCA_003691345.1_ASM369134v1_genomic_CDS_5167,1,1,1,1,1,1,1,1,1,1
11216,GCA_003702035.1_ASM370203v1_genomic_CDS_3864,0,0,0,0,0,1,0,1,0,0
11237,GCA_903970465.1_BOG_genome_mining.2_genomic_CDS_2617,1,1,1,1,0,0,1,1,1,1
11239,GCF_002287035.1_ASM228703v1_genomic_CDS_1353,1,1,1,1,1,1,1,1,1,1
11244,GCF_001748265.1_ASM174826v1_genomic_CDS_0356,1,1,0,0,1,1,1,0,0,1
11272,GCA_019219145.1_ASM1921914v1_genomic_CDS_5591,1,1,0,1,1,1,0,0,0,0
11273,GCF_000263855.1_ASM26385v1_genomic_CDS_2422,0,0,1,0,1,1,1,1,0,1
11294,GCF_000806415.1_ASM80641v1_genomic_CDS_0859,0,0,0,0,0,0,0,0,0,0
11328,GCA_002354255.1_ASM235425v1_genomic_CDS_3140,0,0,0,1,0,1,1,0,1,0
11347,GCA_002376525.1_ASM237652v1_genomic_CDS_2288,0,1,1,0,1,1,0,1,1,0
11350,GCF_002001275.1_ASM200127v1_genomic_CDS_3661,1,1,1,1,1,0,1,1,0,1
11351,GCA_001641345.1_ASM164134v1_genomic_CDS_3030,1,0,0,1,1,0,1,0,1,0
11354,GCF_002091815.1_ASM209181v1_genomic_CDS_1206,1,1,0,0,0,1,0,0,0,0
11551,GCF_002022255.1_ASM202225v1_genomic_CDS_3613,1,0,1,0,1,0,1,1,0,1
11560,GCA_002477745.1_ASM247774v1_genomic_CDS_1474,1,1,1,1,1,1,1,1,1,1
11593,GCA_002340005.1_ASM234000v1_genomic_CDS_0039,1,1,1,1,1,1,1,1,1,1
11600,GCA_002843285.1_ASM284328v1_genomic_CDS_3386,1,1,1,1,1,1,1,0,1,0
11608,GCF_002091635.1_ASM209163v1_genomic_CDS_3501,1,0,0,0,0,1,0,1,0,0
11615,GCA_001036075.1_ASM103607v1_genomic_CDS_3255,0,0,0,0,0,0,0,0,0,0
11620,GCA_002307875.1_ASM230787v1_genomic_CDS_1017,0,0,0,0,0,0,0,0,0,0
11627,GCA_002307875.1_ASM230787v1_genomic_CDS_2042,1,1,0,0,0,0,0,0,1,0
11650,GCA_905479555.1_10_20180412_Bin_Bin_44_1_genomic_CDS_1194,1,0,0,0,0,0,0,0,0,0
11744,GCA_002376525.1_ASM237652v1_genomic_CDS_2887,1,1,1,1,0,1,1,1,0,1
11755,GCF_000282475.1_GM78.fsa_genomic_CDS_2014,0,0,1,1,1,1,1,1,1,1
11768,GCA_001641325.1_ASM164132v1_genomic_CDS_1537,0,0,0,0,0,0,0,0,0,0
11852,GCF_000262065.2_KF707_a1_genomic_CDS_2922,1,0,0,0,1,1,1,1,0,1
11853,GCF_001839645.1_ASM183964v1_genomic_CDS_2939,1,1,1,1,1,1,1,1,1,1
11873,GCA_000467065.1_ASM46706v1_genomic_CDS_1534,1,0,1,1,1,1,1,0,1,0
11886,GCF_002135755.1_ASM213575v1_genomic_CDS_3185,0,0,0,1,0,0,0,0,0,0
11892,GCF_000237045.1_ASM23704v2_genomic_CDS_0144,1,1,1,0,1,1,1,1,1,1
11893,GCF_000346775.1_Pf29Arp_v1_genomic_CDS_0600,1,1,1,1,1,1,1,0,1,0
11896,GCA_000467005.1_ASM46700v1_genomic_CDS_6314,0,0,0,1,1,0,0,1,1,0
11953,GCA_002255865.1_ASM225586v1_genomic_CDS_4658,1,1,0,1,0,1,0,0,0,0
12018,GCF_001700705.1_ASM170070v1_genomic_CDS_2248,0,0,0,0,0,0,0,0,0,0
12138,GCF_002002365.1_ASM200236v1_genomic_CDS_0417,1,0,1,0,0,0,1,0,0,0
12141,GCA_001828735.1_ASM182873v1_genomic_CDS_0073,0,0,1,1,1,1,1,1,0,0
12148,GCA_002840035.1_ASM284003v1_genomic_CDS_1457,1,1,1,1,1,1,1,1,1,1
12158,GCA_001400415.1_PhoICMP7840_genomic_CDS_5225,0,0,0,0,0,0,1,0,0,1
12321,GCA_002282595.1_ASM228259v1_genomic_CDS_1690,0,0,0,0,0,0,0,0,0,0
12323,GCF_001534745.1_ASM153474v1_genomic_CDS_3181,0,0,0,0,0,0,0,0,0,0
12351,GCA_009903045.1_ASM990304v1_genomic_CDS_3836,1,1,1,1,0,1,1,1,1,1
12356,GCA_002434415.1_ASM243441v1_genomic_CDS_1179,0,1,0,0,0,1,0,0,1,0
12460,GCA_901472595.1_36340_C01_genomic_CDS_5939,0,0,0,0,0,0,0,0,0,0
12532,GCA_000531435.1_PA38182_genomic_CDS_0420,1,1,1,1,0,0,1,0,0,1
12533,GCA_000531435.1_PA38182_genomic_CDS_0452,0,1,0,1,0,0,1,0,0,1
12557,GCF_001449385.1_WH-SGI-V-07072_genomic_CDS_0100,1,1,0,1,1,1,1,0,1,1
12603,GCA_003533745.1_ASM353374v1_genomic_CDS_1407,1,1,0,0,1,1,0,1,0,0
12605,GCA_002339675.1_ASM233967v1_genomic_CDS_0740,0,0,0,0,0,0,0,0,0,0
12610,GCA_002425525.1_ASM242552v1_genomic_CDS_2233,0,1,0,1,0,0,0,0,1,0
12623,GCA_001830395.1_ASM183039v1_genomic_CDS_2732,1,0,0,0,0,1,0,0,0,0
12626,GCF_000187065.1_ASM18706v2_genomic_CDS_5246,1,1,0,0,1,1,0,1,0,0
12644,GCF_001672555.2_ASM167255v2_genomic_CDS_3889,1,0,0,1,1,1,0,1,0,1
12655,GCF_000935675.1_PMCFBP3225-G1_genomic_CDS_1739,1,1,1,1,1,0,1,1,1,1
12678,GCA_003205955.1_ASM320595v1_genomic_CDS_3147,0,0,0,0,0,0,0,0,0,1
12745,GCF_001023535.1_ASM102353v1_genomic_CDS_4434,0,0,0,0,0,0,0,0,0,0
12759,GCF_001450745.1_WH-SGI-V-07236_genomic_CDS_0188,0,0,0,0,0,0,0,0,0,0
12767,GCA_002342105.1_ASM234210v1_genomic_CDS_1895,1,1,1,1,1,1,1,1,1,1
12783,GCF_001400835.1_PheICMP4531_genomic_CDS_4078,0,0,0,0,0,0,0,0,0,0
12807,GCA_000152525.1_ASM15252v1_genomic_CDS_2838,1,1,1,1,0,1,1,1,1,0
12816,GCA_000152525.1_ASM15252v1_genomic_CDS_3991,1,1,0,1,1,1,1,0,0,0
12843,GCA_017886405.1_ASM1788640v1_genomic_CDS_0246,0,0,0,0,0,0,0,0,0,0
12847,GCA_903970465.1_BOG_genome_mining.2_genomic_CDS_4052,1,0,0,0,0,0,0,0,0,0
12855,GCF_000271365.1_ASM27136v1_genomic_CDS_5255,0,1,1,1,0,0,1,1,1,1
12940,GCA_018417495.1_ASM1841749v1_genomic_CDS_3153,1,0,1,1,1,1,1,0,1,1
12949,GCA_002376205.1_ASM237620v1_genomic_CDS_4093,1,0,0,0,0,0,0,0,0,0
12975,GCF_001874645.1_ASM187464v1_genomic_CDS_5715,1,1,0,1,1,1,0,1,1,0
12997,GCA_009903235.1_ASM990323v1_genomic_CDS_4347,1,0,0,1,0,1,0,0,0,0
13035,GCA_003241655.1_ASM324165v1_genomic_CDS_1485,1,0,0,0,1,1,0,1,0,0
13076,GCA_014672795.1_ASM1467279v1_genomic_CDS_2901,0,0,0,0,0,0,0,0,0,0
13098,GCA_003523465.1_ASM352346v1_genomic_CDS_0631,1,0,1,1,1,1,1,1,1,1
13130,GCA_011050525.1_ASM1105052v1_genomic_CDS_2298,0,0,0,0,1,0,0,0,1,0
13138,GCA_002282595.1_ASM228259v1_genomic_CDS_0398,0,0,1,1,1,1,1,0,1,1
13146,GCF_000302815.1_Pav037_1.0_genomic_CDS_1649,1,0,0,0,0,0,0,0,0,0
13149,GCA_001401055.1_PsoICMP16925_genomic_CDS_0164,1,1,1,1,1,1,1,1,1,1
13153,GCF_001765865.1_ASM176586v1_genomic_CDS_2292,1,1,0,1,0,0,0,1,0,0
13156,GCA_003851285.1_ASM385128v1_genomic_CDS_1848,0,0,0,0,0,1,0,0,0,0
13213,GCA_905479555.1_10_20180412_Bin_Bin_44_1_genomic_CDS_2026,0,0,0,0,0,0,0,0,0,1
13227,GCF_000313755.1_Pseudomonas_sp.TX1_v1.0_genomic_CDS_0967,1,1,1,1,1,1,1,1,1,1
13258,GCF_001477225.1_ASM147722v1_genomic_CDS_4241,0,0,0,0,0,0,0,0,0,0
13270,GCA_000705215.1_RH_utaHolly_4_genomic_CDS_5163,1,1,0,0,0,0,0,0,0,0
13291,GCF_000257545.3_ASM25754v3_genomic_CDS_4983,0,0,0,1,0,0,0,0,0,0
13381,GCA_000467025.1_ASM46702v1_genomic_CDS_5459,1,1,1,1,1,1,1,1,1,1
13384,GCA_000467025.1_ASM46702v1_genomic_CDS_7028,1,0,0,1,0,1,0,0,0,0
13398,GCF_000829415.1_ASM82941v1_genomic_CDS_3485,1,1,1,0,1,1,1,1,0,1
13418,GCF_002025205.1_ASM202520v1_genomic_CDS_0026,0,0,0,0,0,0,0,0,0,0
13455,GCA_002389895.1_ASM238989v1_genomic_CDS_2883,0,1,1,0,1,1,1,1,1,1
13485,GCA_015478845.1_ASM1547884v1_genomic_CDS_0751,1,1,1,1,0,0,1,1,1,1
13504,GCA_004000515.1_ASM400051v1_genomic_CDS_0813,0,0,1,0,0,0,1,1,1,0
13505,GCA_004000515.1_ASM400051v1_genomic_CDS_1389,1,0,0,1,0,1,0,0,0,1
13525,GCF_001453645.1_WH-SGI-V-07686_genomic_CDS_3810,0,0,0,0,0,0,0,0,0,0
13562,GCF_001941865.1_ASM194186v1_genomic_CDS_3215,0,1,0,1,0,0,1,1,1,0
13570,GCA_001466975.1_ASM146697v1_genomic_CDS_1970,1,1,1,1,1,1,1,1,1,1
13724,GCA_002429975.1_ASM242997v1_genomic_CDS_2862,1,1,1,1,0,1,1,1,1,1
13731,GCF_001439805.1_G8691_genomic_CDS_2443,1,0,0,0,1,1,0,0,0,0
13755,GCA_002311755.1_ASM231175v1_genomic_CDS_2988,1,1,0,1,1,1,1,1,1,0
13762,GCA_000496325.1_MDRPA05_genomic_CDS_2543,0,0,0,1,0,1,0,1,0,0
13813,GCA_002470965.1_ASM247096v1_genomic_CDS_4998,0,0,0,1,0,0,0,0,0,0
13900,GCA_002282595.1_ASM228259v1_genomic_CDS_2246,0,0,0,0,0,0,0,0,0,0
13902,GCA_002419965.1_ASM241996v1_genomic_CDS_1650,0,0,0,0,0,0,0,0,0,0
13909,GCF_001941965.1_ASM194196v1_genomic_CDS_0559,1,1,1,1,0,1,0,1,1,1
13910,GCA_002362915.1_ASM236291v1_genomic_CDS_2194,1,0,0,0,1,1,0,0,0,1
13917,GCA_002208585.1_ASM220858v1_genomic_CDS_3674,1,1,1,0,0,1,1,1,1,1
13918,GCA_002208585.1_ASM220858v1_genomic_CDS_5210,1,1,0,0,0,1,0,0,0,0
13925,GCF_000794505.1_AZPAE14688_genomic_CDS_1426,1,0,0,0,0,1,0,0,0,0
13984,GCA_010499235.1_ASM1049923v1_genomic_CDS_5335,1,1,0,1,1,1,1,1,1,1
14009,GCF_000282775.1_ASM28277v1_genomic_CDS_3917,1,1,0,1,1,1,0,1,0,1
14045,GCA_012523245.1_ASM1252324v1_genomic_CDS_0385,1,1,1,1,1,1,1,1,1,1
14067,GCF_002269125.1_ASM226912v1_genomic_CDS_3964,1,1,0,0,1,1,0,1,1,0
14068,GCA_009360675.1_ASM936067v1_genomic_CDS_1098,1,1,1,1,1,1,1,1,1,1
14077,GCF_002188545.1_ASM218854v1_genomic_CDS_3394,1,1,1,1,1,0,0,0,1,1
14087,GCF_001547895.1_ASM154789v1_genomic_CDS_1267,1,1,0,1,0,1,0,0,1,0
14094,GCF_002091495.1_ASM209149v1_genomic_CDS_4542,0,0,0,0,0,0,0,0,0,0
14175,GCA_000467005.1_ASM46700v1_genomic_CDS_3406,0,0,0,0,1,0,0,1,0,0
14177,GCA_002754355.1_ASM275435v1_genomic_CDS_0681,0,0,0,0,0,0,0,1,0,0
14206,GCA_900706875.1_32018_B01_genomic_CDS_5033,1,1,1,1,1,1,1,1,1,1
14228,GCF_002277815.1_ASM227781v1_genomic_CDS_5021,1,0,0,0,1,0,0,0,0,0
14238,GCA_002381675.1_ASM238167v1_genomic_CDS_0775,0,1,1,1,1,0,1,1,1,1
14342,GCA_015234375.1_ASM1523437v1_genomic_CDS_0515,0,0,1,0,0,0,0,0,0,1
14346,GCA_002296055.1_ASM229605v1_genomic_CDS_2934,1,1,1,1,1,1,1,1,0,1
14367,GCA_002476945.1_ASM247694v1_genomic_CDS_1305,0,1,1,1,0,0,1,0,0,0
14370,GCA_002392095.1_ASM239209v1_genomic_CDS_3302,0,0,1,0,0,0,1,1,0,0
14383,GCF_001605965.1_ASM160596v1_genomic_CDS_5333,1,1,1,1,1,1,1,1,1,0
14398,GCA_001830395.1_ASM183039v1_genomic_CDS_1641,1,1,1,1,1,1,1,1,1,1
14405,GCF_000796875.1_AZPAE12151_genomic_CDS_1371,1,1,1,1,1,1,1,1,1,1
14410,GCF_001705435.1_ASM170543v1_genomic_CDS_1518,0,1,1,0,0,0,1,0,1,0
14421,GCF_001945395.1_ASM194539v1_genomic_CDS_0808,1,1,1,1,1,1,1,1,1,1
14459,GCF_000026105.1_ASM2610v1_genomic_CDS_0738,1,1,1,1,1,0,1,1,0,1
14515,GCA_001007345.1_ASM100734v1_genomic_CDS_5716,0,0,0,1,0,0,1,1,1,0
14520,GCA_002432145.1_ASM243214v1_genomic_CDS_0639,1,1,1,1,1,1,1,1,1,1
14528,GCA_002434265.1_ASM243426v1_genomic_CDS_3734,1,1,1,0,1,0,1,1,0,1
14558,GCF_001401315.1_PtgICMP4091_genomic_CDS_4023,0,0,0,0,0,0,0,0,0,0
14564,GCA_019056435.1_ASM1905643v1_genomic_CDS_1372,0,0,1,0,0,1,1,1,1,1
14596,GCF_001945365.1_ASM194536v1_genomic_CDS_3305,0,1,0,0,0,0,0,0,0,0
14600,GCF_001592875.1_ASM159287v1_genomic_CDS_1033,1,1,1,1,1,1,1,1,1,1
14625,GCA_015999485.1_ASM1599948v1_genomic_CDS_5374,0,1,1,1,1,1,1,1,1,1
14630,GCF_001702265.1_ASM170226v1_genomic_CDS_5138,0,1,0,0,0,1,0,0,0,0
14633,GCA_000467675.1_PseVRFPA03_genomic_CDS_2650,0,0,1,0,0,0,0,0,0,1
14641,GCF_000416505.1_ASM41650v1_genomic_CDS_1874,1,1,1,1,1,1,1,1,1,1
14665,GCA_002423335.1_ASM242333v1_genomic_CDS_3815,1,1,0,1,1,1,1,0,0,1
14667,GCF_000802425.1_ASM80242v1_genomic_CDS_2068,1,0,1,0,0,0,0,0,0,1
14669,GCF_000806415.1_ASM80641v1_genomic_CDS_0963,0,0,0,1,0,0,0,0,0,0
14716,GCF_000397205.1_ASM39720v1_genomic_CDS_1995,1,1,0,1,0,0,0,1,0,0
14750,GCA_000467005.1_ASM46700v1_genomic_CDS_5405,0,0,0,0,0,0,0,0,1,0
14764,GCA_002295205.1_ASM229520v1_genomic_CDS_1094,0,0,0,0,0,0,0,0,0,0
14765,GCA_002295205.1_ASM229520v1_genomic_CDS_1158,1,0,0,1,1,1,0,0,0,1
14844,GCA_002315125.1_ASM231512v1_genomic_CDS_1855,0,0,0,0,0,0,0,0,0,0
14979,GCA_002408625.1_ASM240862v1_genomic_CDS_0863,0,0,1,0,0,1,0,0,0,0
14984,GCA_002439185.1_ASM243918v1_genomic_CDS_2807,1,1,0,1,0,1,0,1,0,0
15015,GCF_000156995.2_ASM15699v2_genomic_CDS_1591,0,0,0,0,0,0,0,0,0,0
15029,GCF_000316175.1_ASM31617v1_genomic_CDS_0558,0,0,0,0,0,0,0,0,0,0
15062,GCA_001401055.1_PsoICMP16925_genomic_CDS_2342,1,1,0,1,1,1,0,0,0,0
15074,GCA_002325895.1_ASM232589v1_genomic_CDS_0592,1,1,0,0,0,1,0,1,0,0
15121,GCA_001450625.1_WH-SGI-V-07185_genomic_CDS_0334,0,0,0,0,0,0,0,0,0,0
15138,GCF_001653895.1_ASM165389v1_genomic_CDS_2328,1,0,0,0,0,0,0,0,0,0
15167,GCF_000967945.1_ASM96794v1_genomic_CDS_1939,1,1,1,1,1,1,1,1,1,1
15182,GCF_000416215.1_ASM41621v1_genomic_CDS_1290,1,1,0,1,1,1,0,1,0,0
15207,GCA_000705195.1_RH_uta_asm_3_0324_genomic_CDS_1207,0,0,0,0,0,0,0,0,0,0
15212,GCA_000705195.1_RH_uta_asm_3_0324_genomic_CDS_2329,0,0,0,0,0,0,0,0,0,0
15238,GCA_002438225.1_ASM243822v1_genomic_CDS_0028,0,0,0,0,0,0,1,0,0,0
15321,GCA_003523465.1_ASM352346v1_genomic_CDS_2122,1,0,0,0,0,1,0,0,0,0
15411,GCF_001945445.1_ASM194544v1_genomic_CDS_0473,0,0,0,0,0,0,0,0,0,0
15424,GCF_001836415.1_ASM183641v1_genomic_CDS_3076,1,1,1,1,1,1,1,1,1,1
15426,GCF_001427125.1_Root562_genomic_CDS_2161,0,0,0,0,1,1,0,0,0,0
15454,GCF_001703595.1_ASM170359v1_genomic_CDS_0255,0,1,1,1,1,0,1,0,1,1
15455,GCA_002438365.1_ASM243836v1_genomic_CDS_0976,1,0,0,1,1,1,0,1,1,1
15464,GCA_003476425.1_ASM347642v1_genomic_CDS_0667,1,1,0,1,0,0,0,1,0,0
15480,GCA_002905875.2_ASM290587v2_genomic_CDS_4541,1,0,0,0,1,0,0,0,0,0
15524,GCF_000802155.2_ASM80215v2_genomic_CDS_1202,1,1,1,0,1,1,0,1,1,1
15528,GCA_002796985.1_ASM279698v1_genomic_CDS_4163,1,0,0,0,0,1,0,0,0,1
15538,GCA_002282595.1_ASM228259v1_genomic_CDS_2198,1,1,1,0,0,1,1,0,1,1
15659,GCF_002037565.1_ASM203756v1_genomic_CDS_1781,1,0,0,1,1,1,0,0,0,0
15679,GCA_001007345.1_ASM100734v1_genomic_CDS_2822,1,1,1,1,1,1,1,1,1,1
15697,GCF_000416195.1_ASM41619v1_genomic_CDS_3563,0,1,0,1,1,1,1,1,0,0
15703,GCA_000467005.1_ASM46700v1_genomic_CDS_1588,0,0,0,0,1,0,1,0,0,0
15709,GCA_017577825.1_D03-12_genomic_CDS_0589,1,1,1,1,1,1,0,1,0,1
15712,GCA_000467065.1_ASM46706v1_genomic_CDS_4162,1,1,1,1,0,1,1,0,1,1
15728,GCA_000953455.1_Ppseudo_Pac_genomic_CDS_0531,1,1,1,1,1,1,1,1,1,1
15765,GCA_002434265.1_ASM243426v1_genomic_CDS_0704,1,0,0,1,0,0,0,1,0,0
15784,GCA_001269555.1_ASM126955v1_genomic_CDS_0188,0,1,1,1,0,0,1,1,1,0
15828,GCA_002478435.1_ASM247843v1_genomic_CDS_2665,0,0,0,0,0,0,0,0,0,0
15875,GCF_000282315.2_Pseudomonas.strGM41_v2.0_genomic_CDS_0278,1,1,1,1,1,1,1,1,1,1
15918,GCF_000803005.1_PfAU14917_genomic_CDS_4762,0,0,0,0,0,1,0,0,0,1
15925,GCA_002325525.1_ASM232552v1_genomic_CDS_2100,0,0,0,0,0,0,0,0,0,0
15926,GCA_002453425.1_ASM245342v1_genomic_CDS_3996,1,1,0,1,1,1,1,1,0,0
15952,GCA_002434325.1_ASM243432v1_genomic_CDS_0251,0,1,1,1,0,1,1,1,1,1
15961,GCA_000467045.1_ASM46704v1_genomic_CDS_1022,1,1,1,1,1,1,1,1,1,1
15964,GCF_000794045.1_AZPAE14947_genomic_CDS_0384,1,0,0,1,0,1,0,1,0,0
15967,GCF_001446935.1_ASM144693v1_genomic_CDS_1453,0,0,0,0,0,0,0,0,0,0
15968,GCA_000292775.1_PPS11_1.0_genomic_CDS_1723,1,1,1,1,1,1,1,1,1,1
16039,GCA_010694505.1_ASM1069450v1_genomic_CDS_0812,0,0,0,1,0,0,0,0,0,0
16049,GCF_000416235.1_ASM41623v1_genomic_CDS_4787,0,0,0,0,0,0,0,0,0,0
16056,GCA_902375175.1_MGYG-HGUT-01457_genomic_CDS_3786,0,0,0,0,0,1,0,0,0,0
16063,GCF_000836415.1_ASM83641v1_genomic_CDS_0979,1,1,1,0,1,1,1,1,0,0
16077,GCA_000467065.1_ASM46706v1_genomic_CDS_4532,0,0,0,0,0,0,0,0,0,0
16080,GCF_001401265.1_PseICMP763_genomic_CDS_4237,1,1,0,1,0,0,0,1,0,1
16085,GCF_002287035.1_ASM228703v1_genomic_CDS_3144,0,0,0,0,0,1,0,0,0,0
16087,GCA_001010525.1_ASM101052v1_genomic_CDS_0625,1,0,0,0,0,1,1,1,0,1
16096,GCA_002418465.1_ASM241846v1_genomic_CDS_3424,0,0,0,0,0,0,0,0,0,0
16101,GCA_002392095.1_ASM239209v1_genomic_CDS_0313,1,1,1,1,1,1,1,1,1,1
16102,GCA_002840155.1_ASM284015v1_genomic_CDS_3089,1,0,0,1,0,1,0,0,0,0
16107,GCF_001451805.1_WH-SGI-V-07497_genomic_CDS_2589,0,1,0,0,0,0,1,0,0,1
16110,GCA_000467045.1_ASM46704v1_genomic_CDS_0986,0,0,0,0,0,0,0,0,0,0
16117,GCA_002725975.1_ASM272597v1_genomic_CDS_1250,1,1,1,1,1,0,1,1,1,1
16125,GCF_002091555.1_ASM209155v1_genomic_CDS_4762,1,1,0,1,1,1,0,1,1,1
16131,GCA_000733635.1_ASM73363v1_genomic_CDS_0508,1,0,0,0,1,0,0,0,0,0
16180,GCA_900496575.1_24276_3_35_genomic_CDS_5162,0,0,0,0,0,0,0,0,0,0
16204,GCF_000972195.1_ASM97219v1_genomic_CDS_0054,1,1,0,0,0,0,0,1,0,0
16232,GCA_002438365.1_ASM243836v1_genomic_CDS_0318,0,1,0,0,0,1,0,0,0,1
16244,GCF_000313755.1_Pseudomonas_sp.TX1_v1.0_genomic_CDS_4304,1,1,1,1,0,0,1,1,1,0
16245,GCF_000313755.1_Pseudomonas_sp.TX1_v1.0_genomic_CDS_4496,0,0,0,0,0,0,0,0,0,0
16252,GCF_002113375.1_ASM211337v1_genomic_CDS_1184,1,1,1,0,1,1,1,1,1,1
16253,GCA_000733615.1_ASM73361v1_genomic_CDS_6846,0,1,0,1,0,0,0,0,0,0
16271,GCA_000335395.3_ASM33539v3_genomic_CDS_0495,1,1,1,1,0,1,0,1,0,1
16297,GCF_001400635.1_PprICMP3956_genomic_CDS_0083,0,0,0,0,0,0,0,0,0,0
16303,GCF_000364625.1_ASM36462v1_genomic_CDS_2562,0,1,0,1,0,1,0,0,1,0
16317,GCA_001454745.1_WH-SGI-V-07311_genomic_CDS_0613,1,1,1,1,1,1,0,1,1,1
16371,GCA_000467005.1_ASM46700v1_genomic_CDS_3152,0,1,0,0,0,0,0,0,0,0
16375,GCA_002483005.1_ASM248300v1_genomic_CDS_1569,0,0,0,0,0,0,0,0,0,0
16380,GCF_002158995.1_ASM215899v1_genomic_CDS_3123,0,1,0,0,0,0,0,0,1,0
16381,GCF_002158995.1_ASM215899v1_genomic_CDS_3347,1,1,1,1,1,1,1,1,1,1
16385,GCF_001422075.1_Leaf83_genomic_CDS_2557,0,0,0,0,0,1,0,0,0,0
16388,GCF_002286785.1_ASM228678v1_genomic_CDS_4889,0,1,0,1,0,0,0,0,0,1
16464,GCA_002452485.1_ASM245248v1_genomic_CDS_1702,0,0,0,0,0,0,0,0,0,0
16468,GCA_002796985.1_ASM279698v1_genomic_CDS_4161,1,1,1,1,0,1,1,1,1,1
16543,GCF_002115545.1_ASM211554v1_genomic_CDS_0025,0,0,0,0,0,0,0,0,0,0
16565,GCF_000794555.1_AZPAE14690_genomic_CDS_0162,1,1,1,0,0,1,0,1,1,0
16590,GCA_001641345.1_ASM164134v1_genomic_CDS_5791,1,0,1,1,1,1,1,1,1,1
16591,GCA_000801915.1_PfAU12271_genomic_CDS_0046,1,1,0,0,0,1,0,0,0,0
16622,GCA_002438365.1_ASM243836v1_genomic_CDS_0637,0,1,1,1,1,1,1,0,0,1
16685,GCA_002452115.1_ASM245211v1_genomic_CDS_0684,1,0,0,0,0,1,0,0,0,0
16690,GCA_900598855.1_p4.H6_genomic_CDS_3279,1,1,1,1,1,1,1,1,1,1
16696,GCF_000290555.2_ASM29055v2_genomic_CDS_6854,1,1,1,1,1,1,1,1,1,1
16722,GCA_002323015.1_ASM232301v1_genomic_CDS_2565,0,0,0,0,0,0,0,0,0,0
16741,GCA_002840035.1_ASM284003v1_genomic_CDS_1239,1,0,0,0,0,0,0,0,0,0
16742,GCA_002840035.1_ASM284003v1_genomic_CDS_1879,1,0,0,0,0,1,0,1,1,1
16751,GCA_018063765.1_ASM1806376v1_genomic_CDS_0570,1,0,0,0,0,0,0,0,0,1
16758,GCF_000931385.1_ASM93138v1_genomic_CDS_0231,1,0,1,0,1,1,1,1,0,1
16770,GCA_018063935.1_ASM1806393v1_genomic_CDS_0761,0,0,1,0,1,0,1,1,1,1
16777,GCF_000796255.1_AZPAE14437_genomic_CDS_3796,0,0,0,0,0,0,0,0,0,0
16779,GCA_001312185.1_ASM131218v1_genomic_CDS_4787,0,0,1,0,0,0,1,0,0,1
16800,GCF_002304225.1_ASM230422v1_genomic_CDS_2340,1,0,0,0,0,1,0,1,0,0
16812,GCA_000825745.1_PAE221_genomic_CDS_0975,0,0,0,0,0,0,0,0,0,0
16817,GCA_000825745.1_PAE221_genomic_CDS_1840,1,0,0,1,1,1,0,0,0,0
16850,GCF_002025205.1_ASM202520v1_genomic_CDS_4419,1,0,1,0,1,0,1,1,0,1
16858,GCA_002419715.1_ASM241971v1_genomic_CDS_0002,1,1,1,1,1,1,1,1,1,1
16870,GCF_000806415.1_ASM80641v1_genomic_CDS_0328,0,0,1,0,0,0,1,0,0,0
16874,GCA_002939205.1_ASM293920v1_genomic_CDS_3653,0,1,0,0,0,0,0,0,0,0
16877,GCF_002318665.1_ASM231866v1_genomic_CDS_4302,1,1,1,1,1,1,1,1,1,1
16878,GCA_018826165.1_ASM1882616v1_genomic_CDS_1418,1,1,0,0,1,1,0,0,0,0
16884,GCA_002840035.1_ASM284003v1_genomic_CDS_3748,0,0,0,1,0,0,0,1,1,0
16899,GCF_002158995.1_ASM215899v1_genomic_CDS_4177,1,0,0,1,1,1,0,0,1,0
16932,GCF_001554585.1_ASM155458v1_genomic_CDS_4896,0,0,0,0,0,0,0,0,0,0
17092,GCA_001312185.1_ASM131218v1_genomic_CDS_5986,0,0,1,0,0,0,1,0,1,0
17103,GCF_000988395.1_ASM98839v1_genomic_CDS_4983,0,0,0,0,0,0,0,0,0,0
17115,GCF_002112995.1_ASM211299v1_genomic_CDS_0111,1,1,1,1,1,1,1,1,0,1
17127,GCA_018373475.1_ASM1837347v1_genomic_CDS_1902,1,1,0,0,1,1,0,1,1,1
17168,GCF_002091815.1_ASM209181v1_genomic_CDS_3747,1,1,0,0,0,0,1,1,1,1
17181,GCA_010671725.1_ASM1067172v1_genomic_CDS_0401,0,0,0,1,0,0,0,0,1,0
17202,GCA_001451445.1_WH-SGI-V-07422_genomic_CDS_2576,0,0,0,1,0,1,1,1,0,1
17234,GCA_002391025.1_ASM239102v1_genomic_CDS_3360,1,0,0,1,0,1,1,0,0,1
17261,GCF_002156655.1_ASM215665v1_genomic_CDS_1339,1,1,0,0,1,1,0,1,0,0
17289,GCA_002391985.1_ASM239198v1_genomic_CDS_2804,1,1,1,1,1,0,1,1,1,1
17327,GCA_000945315.1_PRJEB5504_assembly_1_genomic_CDS_2863,0,1,0,0,1,0,0,0,1,0
17328,GCA_002296205.1_ASM229620v1_genomic_CDS_0984,1,0,0,1,0,1,0,0,0,0
17375,GCA_901472545.1_36340_E01_genomic_CDS_6113,1,1,0,1,1,1,0,0,0,0
17491,GCA_002494295.1_ASM249429v1_genomic_CDS_4190,0,0,0,0,0,0,0,0,0,0
17493,GCA_013374745.1_ASM1337474v1_genomic_CDS_3327,1,1,1,1,1,1,1,1,1,1
17513,GCA_900455215.1_43222_F01_genomic_CDS_5722,1,1,1,0,1,0,1,1,0,1
17520,GCA_002911525.1_ASM291152v1_genomic_CDS_3192,0,0,0,0,0,0,0,0,0,1
17524,GCA_002354655.1_ASM235465v1_genomic_CDS_1775,0,0,0,0,0,0,0,0,0,0
17543,GCF_000793745.1_AZPAE14920_genomic_CDS_6332,0,0,0,0,0,0,0,0,0,0
17560,GCA_002391025.1_ASM239102v1_genomic_CDS_3977,1,1,1,1,1,1,1,1,1,1
17606,GCA_000751155.1_PSV1.0_genomic_CDS_3845,0,1,1,0,1,1,1,1,1,1
17608,GCF_000410875.1_KCCM90073_genomic_CDS_2271,0,0,0,0,1,1,0,1,0,0
17610,GCA_900555385.1_UMGS1818_genomic_CDS_0720,0,1,1,1,0,0,1,0,1,1
17611,GCA_001466975.1_ASM146697v1_genomic_CDS_3352,0,0,0,0,0,1,0,1,1,0
17617,GCA_002388145.1_ASM238814v1_genomic_CDS_0542,1,1,1,0,1,1,1,1,1,1
17676,GCA_002425655.1_ASM242565v1_genomic_CDS_2826,1,0,0,1,0,0,0,0,0,0
17677,GCA_002786345.1_ASM278634v1_genomic_CDS_3041,0,0,0,0,0,0,0,0,0,0
17742,GCF_000792425.1_AZPAE14988_genomic_CDS_0663,0,1,0,0,0,0,0,0,0,0
17769,GCA_002455815.1_ASM245581v1_genomic_CDS_1665,0,0,0,0,0,0,0,0,0,0
17777,GCA_018417495.1_ASM1841749v1_genomic_CDS_2720,0,1,1,0,0,0,1,1,0,0
17780,GCF_000802425.1_ASM80242v1_genomic_CDS_0802,1,1,0,1,1,1,0,0,0,0
17799,GCF_001708465.1_ASM170846v1_genomic_CDS_4089,0,1,0,0,0,0,0,0,0,0
17808,GCF_001542835.1_ASM154283v1_genomic_CDS_1380,1,1,1,0,1,0,1,0,1,1
17865,GCA_019219265.1_ASM1921926v1_genomic_CDS_0468,1,1,1,1,1,0,0,1,1,1
17871,GCA_000505825.1_P.aer_PK6_genomic_CDS_3308,0,0,0,0,1,0,0,1,0,1
17886,GCF_001421885.1_Leaf48_genomic_CDS_1656,0,0,0,1,0,0,0,0,0,1
17919,GCA_900706965.1_37277_F01_genomic_CDS_2910,1,1,0,1,1,1,0,1,1,1
17926,GCF_000794665.1_AZPAE14695_genomic_CDS_2902,1,1,0,0,0,0,0,1,0,0
17943,GCF_001708505.1_ASM170850v1_genomic_CDS_2157,1,1,1,1,1,1,1,1,0,1
17994,GCA_002362915.1_ASM236291v1_genomic_CDS_4059,1,1,1,1,1,1,1,1,1,1
18108,GCA_900706995.1_35891_C01_genomic_CDS_1067,0,1,0,0,1,1,1,0,0,1
18119,GCF_000806415.1_ASM80641v1_genomic_CDS_1887,0,0,0,0,0,0,0,0,0,0
18154,GCF_001592875.1_ASM159287v1_genomic_CDS_4123,0,0,0,0,0,0,0,0,0,0
18158,GCA_002376525.1_ASM237652v1_genomic_CDS_2891,1,1,0,1,0,1,0,0,1,0
18191,GCA_002454255.1_ASM245425v1_genomic_CDS_0417,0,1,0,1,0,0,0,1,0,0
18196,GCF_001476435.1_ASM147643v1_genomic_CDS_0937,1,1,1,1,1,1,1,0,1,1
18215,GCA_003205955.1_ASM320595v1_genomic_CDS_5198,0,0,0,0,0,0,1,1,0,0
18230,GCA_002307935.1_ASM230793v1_genomic_CDS_2515,0,1,0,1,0,0,1,0,1,0
18277,GCF_001708445.1_ASM170844v1_genomic_CDS_5672,1,1,1,1,1,1,1,1,1,1
18287,GCA_018310475.1_ASM1831047v1_genomic_CDS_0596,0,0,0,0,0,0,0,1,0,0
18292,GCA_003691345.1_ASM369134v1_genomic_CDS_0476,0,0,1,1,1,1,1,0,1,1
18302,GCA_001830395.1_ASM183039v1_genomic_CDS_1112,1,0,0,0,0,0,0,0,0,0
18314,GCA_018780345.1_ASM1878034v1_genomic_CDS_1012,1,1,0,1,1,1,0,1,1,1
18329,GCA_003504455.1_ASM350445v1_genomic_CDS_1539,0,0,0,0,0,0,1,0,1,1
18351,GCF_000412715.1_ASM41271v1_genomic_CDS_1877,1,1,1,1,1,1,1,1,1,1
18386,GCA_002391025.1_ASM239102v1_genomic_CDS_3942,0,0,0,0,0,1,0,0,1,0
18424,GCA_002332965.1_ASM233296v1_genomic_CDS_1015,0,1,0,1,0,0,0,0,0,0
18476,GCA_002320825.1_ASM232082v1_genomic_CDS_1335,0,0,0,1,0,0,0,0,0,0
18511,GCA_002433785.1_ASM243378v1_genomic_CDS_1987,1,1,0,1,0,1,0,1,0,0
18530,GCA_002471005.1_ASM247100v1_genomic_CDS_3463,0,0,1,0,0,0,0,1,0,0
18595,GCA_000733635.1_ASM73363v1_genomic_CDS_4791,0,1,1,1,1,1,1,0,1,1
18604,GCF_002091635.1_ASM209163v1_genomic_CDS_3276,1,0,0,0,0,1,1,1,0,1
18630,GCF_000251185.1_ASM25118v1_genomic_CDS_3902,0,0,0,0,0,0,0,0,0,0
18695,GCA_002862505.1_ASM286250v1_genomic_CDS_0310,0,0,0,0,0,1,0,0,0,0
18696,GCA_002862505.1_ASM286250v1_genomic_CDS_2105,0,0,0,0,0,1,0,1,0,0
18722,GCF_002318815.1_ASM231881v1_genomic_CDS_4640,0,1,1,1,1,1,1,1,1,1
18738,GCF_001400695.1_ParICMP4457_genomic_CDS_1088,1,1,0,1,0,1,0,1,0,0
18744,GCF_001885685.1_ASM188568v1_genomic_CDS_0991,1,0,0,0,0,1,0,0,0,0
18777,GCF_000802425.1_ASM80242v1_genomic_CDS_0958,0,1,1,0,1,1,1,1,1,1
18778,GCF_000802425.1_ASM80242v1_genomic_CDS_1984,1,1,1,0,1,1,1,0,1,0
18786,GCF_000935645.1_PSAVPseNe107-G1_genomic_CDS_4876,1,1,1,1,1,1,0,1,1,0
18789,GCA_000467065.1_ASM46706v1_genomic_CDS_3910,0,0,0,0,0,0,0,0,0,0
18791,GCF_000794725.1_AZPAE14699_genomic_CDS_3624,1,0,0,1,0,0,0,0,0,0
18810,GCA_001465025.1_Pseudomonas_sp._Ga0074129_genomic_CDS_1635,0,0,0,0,0,0,0,0,0,0
18874,GCA_001828745.1_ASM182874v1_genomic_CDS_2522,0,0,0,0,0,0,0,0,0,0
18909,GCA_010671685.1_ASM1067168v1_genomic_CDS_1250,1,0,0,0,0,1,0,0,0,0
18959,GCA_900589535.1_p2.E4_genomic_CDS_0542,0,1,0,0,0,0,0,0,0,0
18961,GCA_000467025.1_ASM46702v1_genomic_CDS_2422,1,1,1,1,0,1,1,1,1,1
18973,GCF_001729505.1_ASM172950v1_genomic_CDS_2506,0,1,0,0,0,0,0,0,0,0
18978,GCF_001423155.1_Leaf127_genomic_CDS_0591,1,1,1,0,1,1,1,1,1,1
18980,GCA_002307935.1_ASM230793v1_genomic_CDS_3004,0,0,0,0,0,0,1,1,1,0
19012,GCA_002939205.1_ASM293920v1_genomic_CDS_5884,1,1,1,1,1,1,1,1,1,1
19050,GCA_018417495.1_ASM1841749v1_genomic_CDS_0696,0,1,1,1,1,1,1,0,1,1
19165,GCA_000467005.1_ASM46700v1_genomic_CDS_2117,1,0,0,0,0,0,0,0,0,0
19173,GCA_000987945.1_ASM98794v1_genomic_CDS_4964,0,0,0,0,1,1,1,1,0,0
19206,GCF_001555455.1_ASM155545v1_genomic_CDS_2831,0,1,1,1,1,1,1,1,1,1
19212,GCA_001830395.1_ASM183039v1_genomic_CDS_1489,0,0,0,1,1,1,0,0,0,0
19219,GCF_002116985.1_ASM211698v1_genomic_CDS_4015,0,1,1,1,0,1,0,1,1,1
19220,GCA_000467025.1_ASM46702v1_genomic_CDS_5606,1,1,0,1,0,1,0,0,0,0
19254,GCA_002282595.1_ASM228259v1_genomic_CDS_1349,0,0,0,0,0,0,0,0,0,0
19255,GCA_002282595.1_ASM228259v1_genomic_CDS_1637,0,0,0,0,0,0,0,0,0,0
19310,GCA_003701925.1_ASM370192v1_genomic_CDS_4610,0,0,0,0,0,0,0,0,0,0
19315,GCA_004351245.1_ASM435124v1_genomic_CDS_0836,1,0,0,1,0,1,0,1,0,0
19416,GCF_001450065.1_WH-SGI-V-07243_genomic_CDS_0152,0,1,0,0,0,0,0,0,0,0
19476,GCF_001453235.1_WH-SGI-V-07503_genomic_CDS_2718,1,0,1,1,1,1,1,1,1,0
19485,GCF_000349845.1_ASM34984v1_genomic_CDS_3192,0,0,0,0,1,1,1,1,1,1
19491,GCA_002843285.1_ASM284328v1_genomic_CDS_0770,0,0,0,0,0,0,0,0,0,0
19498,GCA_002840155.1_ASM284015v1_genomic_CDS_1057,1,1,1,1,1,1,0,1,1,1
19501,GCA_002843285.1_ASM284328v1_genomic_CDS_2636,1,1,1,1,1,0,1,1,0,1
19505,GCA_000467005.1_ASM46700v1_genomic_CDS_5151,1,1,1,1,1,1,1,1,1,1
19571,GCA_003413325.1_ASM341332v1_genomic_CDS_0834,1,0,0,0,0,0,0,0,0,0
19577,GCA_002321055.1_ASM232105v1_genomic_CDS_0356,0,1,1,0,1,0,1,0,1,1
19579,GCA_002321055.1_ASM232105v1_genomic_CDS_0644,1,0,0,0,0,0,0,0,0,0
19651,GCF_001910345.1_ASM191034v1_genomic_CDS_3980,0,1,1,1,0,0,0,1,1,1
19667,GCA_002292125.1_ASM229212v1_genomic_CDS_1236,0,0,0,0,0,0,0,0,0,0
19680,GCA_001828815.1_ASM182881v1_genomic_CDS_4296,1,0,0,0,0,0,0,0,0,0
19706,GCF_001813645.1_ASM181364v1_genomic_CDS_0113,1,1,1,1,1,1,1,1,1,1
19712,GCA_003241405.1_ASM324140v1_genomic_CDS_3240,1,1,0,0,1,1,1,1,0,1
19713,GCF_001708505.1_ASM170850v1_genomic_CDS_0812,0,0,0,0,0,0,0,0,0,0
19735,GCF_002022365.1_ASM202236v1_genomic_CDS_2441,0,0,0,1,0,0,0,0,0,0
19742,GCF_002318665.1_ASM231866v1_genomic_CDS_0521,1,0,0,1,0,0,0,0,1,0
19747,GCA_002454255.1_ASM245425v1_genomic_CDS_0657,1,1,1,0,0,0,1,1,1,0
19749,GCF_000145845.2_ASM14584v2_genomic_CDS_2915,0,0,0,0,0,0,0,0,0,0
19765,GCA_000733615.1_ASM73361v1_genomic_CDS_6519,1,1,1,1,1,1,1,1,0,0
19766,GCF_001885685.1_ASM188568v1_genomic_CDS_2571,0,0,0,1,0,1,0,0,1,0
19777,GCF_002236115.1_ASM223611v1_genomic_CDS_1493,0,0,0,0,0,0,0,0,0,0
19827,GCA_000399805.1_Pseudoaeru02_genomic_CDS_1637,1,1,1,1,0,1,0,1,1,1
19839,GCF_000812405.1_ASM81240v1_genomic_CDS_3974,1,0,0,0,0,0,0,0,0,0
19858,GCA_001036075.1_ASM103607v1_genomic_CDS_0373,1,1,1,1,1,1,1,1,1,1
19860,GCA_001036075.1_ASM103607v1_genomic_CDS_0565,0,0,0,0,0,0,0,0,0,0
19862,GCA_001036075.1_ASM103607v1_genomic_CDS_0950,1,1,1,1,1,1,1,1,1,1
19872,GCA_001036075.1_ASM103607v1_genomic_CDS_1815,1,1,1,1,1,1,1,1,1,1
19881,GCA_001036075.1_ASM103607v1_genomic_CDS_3225,0,1,0,0,0,0,0,1,0,0
19948,GCF_001477265.1_ASM147726v1_genomic_CDS_1702,0,1,1,1,1,0,1,0,1,0
19965,GCF_001708425.1_ASM170842v1_genomic_CDS_2236,0,0,0,1,0,0,0,0,0,1
19973,GCF_001476855.1_ASM147685v1_genomic_CDS_2275,0,1,1,1,1,1,1,1,1,1
20003,GCF_001446935.1_ASM144693v1_genomic_CDS_1099,0,0,0,0,0,0,0,0,0,0
20007,GCA_014653325.1_ASM1465332v1_genomic_CDS_1436,1,1,1,1,1,1,1,1,1,1
20030,GCA_001465025.1_Pseudomonas_sp._Ga0074129_genomic_CDS_3668,0,0,0,0,0,0,0,0,0,0
20035,GCF_002022335.1_ASM202233v1_genomic_CDS_3497,0,0,0,0,0,0,0,0,0,0
20062,GCA_019173585.1_ASM1917358v1_genomic_CDS_2056,0,1,0,1,0,0,0,0,0,0
20063,GCF_000802425.1_ASM80242v1_genomic_CDS_1010,1,1,1,1,1,1,1,1,1,1
20066,GCA_000467675.1_PseVRFPA03_genomic_CDS_4489,0,0,0,1,0,1,0,1,0,0
20080,GCA_001010525.1_ASM101052v1_genomic_CDS_3293,1,1,1,1,0,1,1,1,1,0
20087,GCA_014836765.1_ASM1483676v1_genomic_CDS_2743,0,0,0,1,0,0,1,1,1,0
20101,GCA_000467025.1_ASM46702v1_genomic_CDS_3270,0,0,0,0,0,0,0,0,0,0
20115,GCA_003428805.1_ASM342880v1_genomic_CDS_5769,0,0,0,0,0,1,0,0,0,1
20124,GCF_000016565.1_ASM1656v1_genomic_CDS_2805,0,0,0,0,0,0,0,0,0,0
20162,GCA_002323655.1_ASM232365v1_genomic_CDS_1012,0,1,0,0,0,1,0,1,1,0
20172,GCA_001454745.1_WH-SGI-V-07311_genomic_CDS_3657,0,0,0,0,0,1,0,0,0,0
20245,GCF_001400815.1_PfiICMP7848_genomic_CDS_2573,0,0,0,0,0,0,0,0,0,0
20254,GCA_003605465.1_ASM360546v1_genomic_CDS_1573,0,0,0,0,0,0,0,0,0,0
20281,GCA_018860195.1_ASM1886019v1_genomic_CDS_3792,0,1,0,0,0,0,0,0,0,0
20288,GCA_000733615.1_ASM73361v1_genomic_CDS_4770,0,1,1,0,1,0,1,0,0,1
20290,GCF_000282355.1_Pseudomonas.strGM49_v1.0_genomic_CDS_1611,1,1,0,1,1,1,0,1,1,0
20350,GCA_002379565.1_ASM237956v1_genomic_CDS_2604,0,1,0,0,0,0,0,1,0,0
20356,GCA_002379565.1_ASM237956v1_genomic_CDS_3792,1,0,0,1,1,0,0,0,0,0
20378,GCA_017995375.1_ASM1799537v1_genomic_CDS_0024,1,0,1,0,1,1,1,1,0,1
20380,GCA_001312145.1_ASM131214v1_genomic_CDS_5219,1,1,0,1,1,1,0,1,1,1
20398,GCA_018816455.1_ASM1881645v1_genomic_CDS_3067,0,0,0,0,0,0,0,0,0,0
20407,GCA_003605525.1_ASM360552v1_genomic_CDS_0210,1,1,0,1,1,1,1,1,1,1
20425,GCA_016199775.1_ASM1619977v1_genomic_CDS_2755,1,1,0,1,0,1,0,1,0,0
20432,GCA_001641325.1_ASM164132v1_genomic_CDS_2916,0,0,0,0,0,1,0,0,0,0
20440,GCF_001705885.1_ASM170588v1_genomic_CDS_0426,0,1,1,1,1,0,1,1,0,0
20474,GCF_000349845.1_ASM34984v1_genomic_CDS_0639,0,0,0,0,0,0,0,0,0,0
20493,GCF_002116945.1_ASM211694v1_genomic_CDS_3601,1,1,1,1,1,0,1,1,1,1
20518,GCF_001728925.1_ASM172892v1_genomic_CDS_4548,0,1,1,1,1,1,1,1,1,1
20519,GCF_002303975.1_ASM230397v1_genomic_CDS_0815,1,1,0,1,1,0,1,0,0,0
20529,GCF_001750705.1_ASM175070v1_genomic_CDS_1255,1,0,1,0,1,1,0,1,0,0
20539,GCF_000364705.1_Pseudomonas_fuscovaginae_SE-1_genomic_CDS_0844,0,0,1,1,1,1,1,1,1,1
20557,GCF_000381285.1_ASM38128v1_genomic_CDS_3280,1,0,0,1,0,1,0,1,0,0
20561,GCA_000558345.1_MDR_VRFPA09_genomic_CDS_2733,0,0,0,0,0,0,0,0,0,0
20587,GCA_002434415.1_ASM243441v1_genomic_CDS_2217,0,0,0,0,0,0,0,0,0,0
20597,GCA_900706875.1_32018_B01_genomic_CDS_0048,1,1,1,1,1,1,1,1,1,0
20609,GCF_002157375.1_ASM215737v1_genomic_CDS_0583,1,1,1,1,1,1,1,1,0,1
20636,GCF_001592875.1_ASM159287v1_genomic_CDS_0415,1,0,1,1,1,1,1,1,1,1
20661,GCF_001765485.1_ASM176548v1_genomic_CDS_2054,0,1,0,1,1,1,1,0,1,0
20710,GCA_014656565.1_ASM1465656v1_genomic_CDS_1269,1,1,0,1,1,1,0,0,0,0
20800,GCA_001465155.1_ASM146515v1_genomic_CDS_2837,0,0,1,0,1,0,0,0,0,0
20811,GCA_001465155.1_ASM146515v1_genomic_CDS_4376,0,0,0,0,0,0,0,0,0,0
20817,GCA_001465155.1_ASM146515v1_genomic_CDS_5272,1,0,0,0,1,1,0,1,1,1
20861,GCA_003205955.1_ASM320595v1_genomic_CDS_4443,1,1,0,0,1,0,0,1,0,0
20864,GCF_000795725.1_AZPAE13880_genomic_CDS_0747,1,1,1,1,0,0,1,1,1,1
20909,GCF_002234375.1_ASM223437v1_genomic_CDS_0500,0,0,0,0,0,1,0,0,0,0
20914,GCA_000558345.1_MDR_VRFPA09_genomic_CDS_3799,0,0,0,0,0,0,0,1,0,0
20917,GCF_001708505.1_ASM170850v1_genomic_CDS_4770,0,0,1,1,1,0,1,1,1,0
20918,GCF_001941965.1_ASM194196v1_genomic_CDS_4067,0,0,0,0,0,0,0,0,0,0
20932,GCF_000412695.1_ASM41269v1_genomic_CDS_0220,0,0,0,0,0,1,0,1,0,0
20969,GCA_001452885.1_WH-SGI-V-07252_genomic_CDS_3498,0,0,0,0,1,1,0,1,0,0
20974,GCA_001452885.1_WH-SGI-V-07252_genomic_CDS_3980,0,0,1,1,1,1,1,1,1,0
20985,GCF_001005765.1_ASM100576v1_genomic_CDS_3903,0,0,0,0,0,1,0,0,0,0
21018,GCA_005223295.1_ASM522329v1_genomic_CDS_4675,0,0,0,0,0,0,0,0,0,0
21024,GCA_002325585.1_ASM232558v1_genomic_CDS_2653,0,0,0,1,0,0,1,0,0,0
21043,GCA_000705215.1_RH_utaHolly_4_genomic_CDS_2664,0,0,0,0,0,0,0,0,0,0
21048,GCA_000705215.1_RH_utaHolly_4_genomic_CDS_3272,1,1,1,1,1,1,1,1,1,1
21081,GCF_001400755.1_PccICMP5710_genomic_CDS_0650,0,0,0,0,0,0,0,0,0,0
21083,GCF_001705435.1_ASM170543v1_genomic_CDS_1959,1,1,1,1,0,1,1,1,1,1
21171,GCA_002455775.1_ASM245577v1_genomic_CDS_0537,0,0,1,0,0,1,1,1,0,1
21178,GCF_001439695.1_G8123_genomic_CDS_3966,0,1,1,0,0,0,1,1,1,0
21190,GCA_002500285.1_ASM250028v1_genomic_CDS_3040,1,1,0,1,1,1,1,1,1,0
21193,GCF_000988485.1_ASM98848v1_genomic_CDS_1099,0,0,0,0,0,0,0,0,0,0
21197,GCA_002391835.1_ASM239183v1_genomic_CDS_0395,1,1,1,1,1,1,1,1,1,1
21200,GCA_018780345.1_ASM1878034v1_genomic_CDS_0649,0,0,1,0,0,0,0,0,0,0
21209,GCF_001400875.1_PmeICMP5711_genomic_CDS_1388,0,0,0,0,0,0,0,0,0,0
21213,GCA_001036075.1_ASM103607v1_genomic_CDS_3368,1,1,0,0,1,1,0,1,0,0
21270,GCA_018780345.1_ASM1878034v1_genomic_CDS_3862,0,0,0,1,0,1,0,0,0,0
21285,GCF_001423465.1_Leaf129_genomic_CDS_3037,0,1,0,1,0,0,0,0,1,0
21291,GCF_002113185.1_ASM211318v1_genomic_CDS_1082,0,1,1,1,1,1,1,1,1,1
21343,GCF_001452285.1_WH-SGI-V-07644_genomic_CDS_3768,0,1,1,1,1,0,1,1,1,1
21346,GCA_000335395.3_ASM33539v3_genomic_CDS_4744,0,0,0,0,0,0,0,0,0,0
21362,GCF_001414105.1_ASM141410v1_genomic_CDS_4833,1,1,1,1,0,1,1,1,0,0
21368,GCF_002193755.1_ASM219375v1_genomic_CDS_4626,1,1,1,1,0,1,1,1,1,1
21396,GCA_002361025.1_ASM236102v1_genomic_CDS_4270,0,0,0,0,0,0,0,0,0,0
21424,GCA_003691345.1_ASM369134v1_genomic_CDS_5839,1,1,1,0,1,1,1,1,0,1
21458,GCA_003700425.1_ASM370042v1_genomic_CDS_0904,0,1,1,1,1,1,1,1,1,1
21466,GCF_000364705.1_Pseudomonas_fuscovaginae_SE-1_genomic_CDS_5198,0,0,0,1,1,1,1,1,1,1
21474,GCF_000411615.1_Pput2.5_genomic_CDS_1799,0,0,0,0,1,0,0,0,0,0
21482,GCA_018827885.1_ASM1882788v1_genomic_CDS_0735,1,1,0,1,1,1,1,1,0,0
21493,GCF_001477295.1_ASM147729v1_genomic_CDS_3546,0,1,0,1,1,0,1,0,1,1
21516,GCA_900706945.1_36340_B01_genomic_CDS_2366,1,1,1,1,0,1,0,1,1,0
21523,GCF_000416545.1_ASM41654v1_genomic_CDS_3783,0,0,0,0,0,0,0,0,0,0
21558,GCF_002091575.1_ASM209157v1_genomic_CDS_4540,0,1,0,0,1,1,0,0,0,0
21559,GCF_002091575.1_ASM209157v1_genomic_CDS_4860,1,1,1,1,1,1,1,1,1,1
21561,GCA_002392095.1_ASM239209v1_genomic_CDS_1492,1,1,1,0,1,1,0,1,0,0
21572,GCF_002188505.1_ASM218850v1_genomic_CDS_2340,0,1,0,0,0,1,1,0,1,1
21587,GCF_002093745.1_ASM209374v1_genomic_CDS_3391,1,0,0,0,0,1,0,0,1,0
21626,GCA_007713455.1_ASM771345v1_genomic_CDS_1318,1,1,1,1,1,1,1,1,0,1
21652,GCA_000467675.1_PseVRFPA03_genomic_CDS_1743,0,0,0,1,0,0,0,1,0,0
21678,GCA_003535575.1_ASM353557v1_genomic_CDS_1240,1,0,0,0,0,0,0,0,0,0
21697,GCA_018417495.1_ASM1841749v1_genomic_CDS_1679,1,0,0,0,1,1,0,1,0,1
21737,GCA_000412735.1_pagenome_genomic_CDS_1767,1,1,0,0,0,0,0,1,0,0
21757,GCA_002379565.1_ASM237956v1_genomic_CDS_1066,1,1,1,1,1,1,1,1,1,1
21909,GCF_000346225.2_ASM34622v2_genomic_CDS_1411,1,0,1,1,1,1,0,1,0,0
21928,GCA_002296595.1_ASM229659v1_genomic_CDS_0049,1,1,1,1,1,1,1,1,1,1
21939,GCA_002296595.1_ASM229659v1_genomic_CDS_1556,0,0,0,0,0,0,0,0,0,0
21954,GCF_000834695.1_ASM83469v1_genomic_CDS_3014,0,0,0,0,0,0,1,0,0,1
21986,GCF_000416255.1_ASM41625v1_genomic_CDS_0802,1,1,1,0,0,0,1,0,0,0
22001,GCF_001400735.1_PcaICMP2855_genomic_CDS_2506,0,0,0,0,0,0,0,0,0,0
22016,GCF_000412695.1_ASM41269v1_genomic_CDS_4503,0,1,1,0,1,1,1,1,1,1
22048,GCF_000009225.2_ASM922v1_genomic_CDS_4547,1,1,0,0,0,0,0,0,0,0
22069,GCA_000467025.1_ASM46702v1_genomic_CDS_2427,1,1,1,1,1,1,1,1,1,1
22075,GCF_001708505.1_ASM170850v1_genomic_CDS_0020,0,1,0,0,0,1,0,0,0,0
22099,GCF_000806415.1_ASM80641v1_genomic_CDS_1116,0,0,0,0,0,0,0,0,0,0
22114,GCA_003512285.1_ASM351228v1_genomic_CDS_3652,1,0,0,0,0,1,0,0,0,0
22116,GCA_002323655.1_ASM232365v1_genomic_CDS_3279,0,1,0,0,0,0,0,0,0,0
22125,GCF_000794705.1_AZPAE14698_genomic_CDS_5144,1,0,0,0,0,1,0,0,0,1
22182,GCF_001400595.1_PpdICMP8903_genomic_CDS_1326,0,1,0,1,0,0,0,0,1,0
22185,GCA_002307985.1_ASM230798v1_genomic_CDS_1370,1,1,1,1,1,1,1,1,1,1
22194,GCA_002307985.1_ASM230798v1_genomic_CDS_2653,0,1,1,1,1,0,1,1,1,1
22254,GCA_002472825.1_ASM247282v1_genomic_CDS_1302,1,1,0,1,1,1,1,0,0,1
22269,GCA_000467675.1_PseVRFPA03_genomic_CDS_5427,1,0,0,1,0,1,0,1,0,0
22271,GCA_000467675.1_PseVRFPA03_genomic_CDS_6197,0,0,0,0,0,0,0,1,0,0
22353,GCF_000834555.1_ASM83455v1_genomic_CDS_0505,1,1,1,1,1,1,1,1,1,0
22390,GCA_002391835.1_ASM239183v1_genomic_CDS_1626,0,0,0,0,0,0,0,0,0,0
22404,GCA_003241405.1_ASM324140v1_genomic_CDS_3606,0,0,0,1,0,1,0,0,0,0
22405,GCA_003241405.1_ASM324140v1_genomic_CDS_3735,0,0,0,0,0,0,0,1,0,0
22409,GCA_000467005.1_ASM46700v1_genomic_CDS_3974,1,1,1,1,1,1,1,1,1,1
22415,GCA_002391025.1_ASM239102v1_genomic_CDS_2619,1,1,0,1,1,1,0,1,1,0
22418,GCA_002434545.1_ASM243454v1_genomic_CDS_0385,0,0,0,0,0,0,0,0,0,0
22431,GCA_003702035.1_ASM370203v1_genomic_CDS_4181,1,0,1,0,0,0,1,0,0,1
22453,GCF_000827755.1_Pseudomonas_fluorescens_SRM1_genomic_CDS_5285,0,0,0,1,0,0,0,0,0,0
22470,GCA_003205955.1_ASM320595v1_genomic_CDS_0210,0,0,1,0,1,0,1,0,1,1
22505,GCA_002255865.1_ASM225586v1_genomic_CDS_2372,1,1,1,1,1,1,1,1,1,1
22594,GCF_000215775.4_PA13_miseq_genomic_CDS_0678,0,0,0,1,0,1,0,0,0,0
22641,GCA_007858155.1_ASM785815v1_genomic_CDS_1551,1,1,1,1,1,1,1,1,0,0
22646,GCA_003205955.1_ASM320595v1_genomic_CDS_0464,1,1,0,1,0,1,0,1,0,0
22648,GCF_001469435.2_ASM146943v3_genomic_CDS_0151,1,1,1,0,1,1,1,1,0,1
22653,GCA_000467005.1_ASM46700v1_genomic_CDS_1329,0,1,1,1,1,1,0,0,0,1
22659,GCA_002454255.1_ASM245425v1_genomic_CDS_2006,0,0,0,1,0,0,0,0,0,0
22674,GCA_002208585.1_ASM220858v1_genomic_CDS_5752,1,1,1,1,1,1,1,1,1,1
22675,GCF_001420535.1_ASM142053v1_genomic_CDS_2596,1,1,1,0,1,1,1,1,1,0
22677,GCF_001400495.1_PlpICMP3947_genomic_CDS_1068,1,1,1,0,1,1,1,1,1,1
22682,GCF_002236985.1_ASM223698v1_genomic_CDS_3291,1,1,0,0,0,0,0,0,0,0
22686,GCA_002364635.1_ASM236463v1_genomic_CDS_2855,1,0,0,0,0,0,0,0,0,0
22785,GCF_000349845.1_ASM34984v1_genomic_CDS_2051,0,0,0,1,0,0,0,0,0,0
22808,GCF_000223925.1_ASM22392v2_genomic_CDS_6262,1,1,1,1,1,1,1,1,1,0
22839,GCF_002269505.1_ASM226950v1_genomic_CDS_0098,0,0,0,0,0,0,0,0,0,0